region,Date,Effectif de la population,Population rurale,Population urbaine,Taux d'urbanisation
Dakar,1970,724461.6921597,27614.737825599997,696846.9543341,96.18824040000001
Dakar,1971,759203.2526073001,28805.871926999997,730397.3806802,96.205776
Dakar,1972,795610.844586,30048.384406700003,765562.4601793,96.2232309
Dakar,1973,833764.3626382,31344.491419700003,802419.8712184,96.2406055
Dakar,1974,873747.5326485,32696.5047126,841051.0279358,96.2579002
Dakar,1975,915648.0955765999,34106.835746900004,881541.2598296999,96.2751153
Dakar,1976,959558.0,35578.0,923980.0,96.2922512
Dakar,1977,995975.145216,36776.723536000005,959198.4216799999,96.3074657
Dakar,1978,1033774.3939271999,38015.1652065,995759.2287208,96.3226826
Dakar,1979,1073008.1997254998,39294.6122429,1033713.5874827,96.337902
Dakar,1980,1113731.0069216,40616.3923384,1073114.6145831998,96.35312370000001
Dakar,1981,1155999.3260962,41981.874863599995,1114017.4512326,96.3683478
Dakar,1982,1199871.8125202,43392.4721164,1156479.3404038,96.3835743
Dakar,1983,1245409.347549,44849.640606400004,1200559.7069426,96.3988033
Dakar,1984,1292675.1231071998,46354.8823747,1246320.2407325,96.4140346
Dakar,1985,1341734.7293794,47909.746351099995,1293824.9830282,96.4292684
Dakar,1986,1392656.2458288,49515.82974740001,1343140.4160813,96.44450450000001
Dakar,1987,1445510.3356705,51174.7794898,1394335.5561807,96.4597431
Dakar,1988,1500375.0,52898.0,1447477.0,96.47434809999999
Dakar,1989,1558377.997125,54737.442048000004,1503640.555077,96.4875375
Dakar,1990,1618483.0780961001,56635.093491499996,1561847.9846046001,96.50073
Dakar,1991,1680702.4230674,58595.219520800005,1622107.2035466002,96.51364699999999
Dakar,1992,1744827.9433171002,60120.3785712,1684707.5647459,96.5543664
Dakar,1993,1811005.7775512,62171.504060800005,1748834.2734903998,96.5670179
Dakar,1994,1879382.1116884,64284.5075755,1815097.6041128999,96.5794871
Dakar,1995,1939636.0,66755.0,1872881.0,96.5583749
Dakar,1996,2012303.0,69011.0,1943292.0,96.5705463
Dakar,1997,2087345.0,71336.0,2016009.0,96.5824528
Dakar,1998,2164806.0,73725.0,2091081.0,96.59438309999999
Dakar,1999,2244682.0,76184.0,2168498.0,96.60602259999999
Dakar,2000,2326929.0,78706.0,2248223.0,96.617602
Dakar,2001,2411529.0,81293.0,2330236.0,96.6289852
Dakar,2002,2267356.0,74986.0,2192370.0,96.69279990000001
Dakar,2003,2268542.0,77282.0,2191260.0,96.59331850000001
Dakar,2004,2399451.0,79349.0,2320102.0,96.69303520000001
Dakar,2005,2452656.0,81106.0,2371550.0,96.6931359
Dakar,2006,2508311.0,82943.0,2425368.0,96.69327290000001
Dakar,2007,2428155.0,79950.90420710001,2348204.0957929003,96.70733929999999
Dakar,2008,2482294.0,69079.0,2413215.0,97.2171306
Dakar,2009,2536959.0,70600.0,2466359.0,97.2171407
Dakar,2010,2592191.0,72137.0,2520054.0,97.22
Dakar,2013,3137196.0,110880.0,3026316.0,96.4656336422716
Dakar,2014,3233460.0,116405.0,3117055.0,96.39998639228571
Dakar,2015,3330692.0,119905.0,3210787.0,96.3999973579064
Dakar,2016,3429370.0,123457.0,3305913.0,96.40000933115999
Dakar,2017,3529300.0,127054.0,3402246.0,96.40002266738449
Dakar,2018,3630324.0,130693.0,3499631.0,96.39996319887699
Diourbel,1970,372010.3893189,302329.99423609994,69680.39508280001,18.730765899999998
Diourbel,1971,381310.6490519,308494.63619040005,72816.0128616,19.096244199999997
Diourbel,1972,390843.4152782,314750.6818379,76092.7334403,19.4688539
Diourbel,1973,400614.5006602,321097.594215,79516.9064452,19.848734
Diourbel,1974,410629.8631767,327534.6959415,83095.1672352,20.2360263
Diourbel,1975,420895.6097561,334061.1599953,86834.44976080001,20.630875600000003
Diourbel,1976,431418.0,340676.0,90742.0,21.0334293
Diourbel,1977,444892.909812,351127.658598,93765.251214,21.075914899999997
Diourbel,1978,458788.69495710003,361899.4668684,96889.2280887,21.1184864
Diourbel,1979,473118.5010554,373001.2145544,100117.2865009,21.161143799999998
Diourbel,1980,487895.88431730005,384442.99018200004,103452.8941353,21.2038874
Diourbel,1981,503134.8243681,396235.19015890005,106899.6342092,21.2467174
Diourbel,1982,518849.7374724,408388.5281503,110461.2093221,21.2896338
Diourbel,1983,535055.4901726,420914.0447395,114141.44543310002,21.332637
Diourbel,1984,551767.4133527,433823.1173821,117944.29597060001,21.375726999999998
Diourbel,1985,569001.3167413,447127.47066190006,121873.84607950001,21.418904100000002
Diourbel,1986,586773.5038684,460839.18685909995,125934.3170093,21.462168300000002
Diourbel,1987,605100.7874882,474970.7168392,130130.07064910002,21.50552
Diourbel,1988,624000.0,489535.0,134465.0,21.5488782
Diourbel,1989,644148.96,505089.29095,139059.66905,21.5881229
Diourbel,1990,664933.0703434,521129.9369224,143803.133421,21.626707999999997
Diourbel,1991,686345.9100076,537649.5873657,148696.32264189998,21.664924399999997
Diourbel,1992,708293.1931719,554575.9904997,153717.20267220002,21.702482
Diourbel,1993,730826.1245263,571948.327926,158877.79660029997,21.7394796
Diourbel,1994,753993.3126738,589803.1191886,164190.19348520003,21.776080899999997
Diourbel,1995,777894.9006856,608214.6797008,169680.2209848,21.812743700000002
Diourbel,1996,798054.0,623699.0,174355.0,21.847519100000003
Diourbel,1997,823116.0,642997.0,180119.0,21.882577899999998
Diourbel,1998,848859.0,662814.0,186045.0,21.917067499999998
Diourbel,1999,875272.0,683140.0,192132.0,21.951119199999997
Diourbel,2000,902327.0,703954.0,198373.0,21.984602
Diourbel,2001,930007.0,725240.0,204767.0,22.0177913
Diourbel,2002,1049954.0,881596.0,168358.0,16.0347977
Diourbel,2003,1076874.0,906727.9079999999,170146.092,15.8
Diourbel,2004,1144009.0,965208.0,178801.0,15.629335099999999
Diourbel,2005,1183095.0,1000893.0,182202.0,15.400453899999999
Diourbel,2006,1226379.0,1039821.0,186558.0,15.2121
Diourbel,2007,1234755.0,1048005.3533740999,186749.64662589997,15.124429300000001
Diourbel,2008,1274494.0,1077488.0,197006.0,15.4575855
Diourbel,2009,1315200.0,1111907.0,203293.0,15.457192800000001
Diourbel,2010,1356796.0,1147079.0,209717.0,15.46
Diourbel,2013,1497455.0,1257585.0,239870.0,16.0185114076884
Diourbel,2014,1543647.0,1295120.0,248527.0,16.0999891814644
Diourbel,2015,1591593.0,1335347.0,256246.0,16.0999702813471
Diourbel,2016,1641350.0,1375451.0,265899.0,16.2000182776373
Diourbel,2017,1692967.0,1418707.0,274260.0,16.1999613695955
Diourbel,2018,1746496.0,1463564.0,282932.0,16.1999798453589
Fatick,1970,359363.9434828,330557.8706527,28806.07283,8.0158495
Fatick,1971,368348.0420698,338245.6959625,30102.3461074,8.172256299999999
Fatick,1972,377556.74312159995,346099.7914394,31456.951682200004,8.331714999999999
Fatick,1973,386995.6616996,354123.1471917,32872.5145079,8.494285000000001
Fatick,1974,396670.55324209994,362318.7755814,34351.7776608,8.6600272
Fatick,1975,406587.3170732,370689.7094177,35897.6076555,8.829003300000002
Fatick,1976,416752.0,379239.0,37513.0,9.0012765
Fatick,1977,424073.499136,385373.13766,38700.361476,9.125861800000001
Fatick,1978,431523.6223688,391598.3170514,39925.3053174,9.2521714
Fatick,1979,439104.62936659995,397915.60828529997,41189.0210813,9.3802293
Fatick,1980,446818.8194953,404326.08351870003,42492.7359766,9.510059599999998
Fatick,1981,454668.5325162,410830.8164605,43837.716055699995,9.6416868
Fatick,1982,462656.1492954001,417430.88185109996,45225.2674443,9.7751359
Fatick,1983,470784.09252629994,424127.3549168,46656.7376095,9.9104321
Fatick,1984,479054.8274638,430921.3107955,48133.516668300006,10.0476008
Fatick,1985,487470.8626727,437813.82393479993,49657.0387379,10.1866681
Fatick,1986,496034.75078809995,444805.96746009996,51228.783328,10.3276602
Fatick,1987,504749.08928990003,451898.812512,52850.276777900006,10.4706037
Fatick,1988,513616.0,459093.0,54523.0,10.615518199999999
Fatick,1989,523075.77948800003,466764.206996,56311.572492,10.7654712
Fatick,1990,532667.9431323,468595.23502200004,64072.7081103,12.0286398
Fatick,1991,542373.6857241,476148.34569190006,66225.34003220001,12.210279
Fatick,1992,552104.9543933001,483670.2974299,68434.6569634,12.395226
Fatick,1993,561888.2541852,491178.1304655,70710.1237197,12.5843748
Fatick,1994,571748.2692696,498696.0150711,73052.2541985,12.7769961
Fatick,1995,581781.3078988001,506308.76237270003,75472.5455261,12.972665899999999
Fatick,1996,588563.0,490416.1240033,98146.87599670001,16.675678899999998
Fatick,1997,598607.0,497400.69899630005,101206.30100369999,16.9069692
Fatick,1998,608706.0,504021.00580079993,104684.9941992,17.1979567
Fatick,1999,618837.0,510917.8372169001,107919.16278310001,17.4390288
Fatick,2000,628969.0,517734.48683199997,111234.513168,17.6852139
Fatick,2001,639075.0,557288.0,81787.0,12.797715400000001
Fatick,2002,613000.0,535706.0,77294.0,12.609135400000001
Fatick,2003,629036.0,549148.428,79887.572,12.7
Fatick,2004,643505.0,562346.0,81159.0,12.6120232
Fatick,2005,652361.0,570172.0,82189.0,12.5986992
Fatick,2006,663867.0,580250.0,83617.0,12.5954446
Fatick,2007,714750.0,623586.8251915,91163.1748085,12.754553999999999
Fatick,2008,685044.0,569487.0,89993.0,13.1368204
Fatick,2009,722343.0,600495.0,94891.0,13.136557
Fatick,2010,724345.0,602160.0,95155.0,13.14
Fatick,2013,714392.0,603903.0,110489.0,15.466158635594999
Fatick,2014,737487.0,617277.0,120210.0,16.2999483380724
Fatick,2015,761710.0,636028.0,125682.0,16.4999803074661
Fatick,2016,787037.0,655601.0,131436.0,16.700104315299
Fatick,2017,813542.0,676053.0,137489.0,16.9000494135521
Fatick,2018,841294.0,697433.0,143861.0,17.099967431124
Kaffrine,2008,526442.0,463601.0,62841.0,11.9369275
Kaffrine,2009,540733.0,476188.0,64545.0,11.936575
Kaffrine,2010,558041.0,491432.0,66609.0,11.94
Kaffrine,2013,566992.0,481115.0,85877.0,15.146069080339801
Kaffrine,2014,587946.0,492699.0,95247.0,16.1999571389209
Kaffrine,2015,609638.0,508438.0,101200.0,16.600015090922803
Kaffrine,2016,632023.0,524579.0,107444.0,17.0000142399881
Kaffrine,2017,655121.0,541130.0,113991.0,17.3999917572479
Kaffrine,2018,678955.0,558101.0,120854.0,17.800001472851697
Kaolack,1970,525429.3854137999,428701.3987416,96727.9866722,18.4093219
Kaolack,1971,538565.1200491,437484.3739767,101080.7460725,18.7685281
Kaolack,1972,552029.2480503,446399.86840459995,105629.3796457,19.1347433
Kaolack,1973,565829.9792516,455447.27752179996,110382.70172980001,19.5081042
Kaolack,1974,579975.7287329,464625.80542530003,115349.9233076,19.888750100000003
Kaolack,1975,594475.1219512,473934.4520948,120540.66985650001,20.2768233
Kaolack,1976,609337.0,483372.0,125965.0,20.672468600000002
Kaolack,1977,624443.073567,494206.600417,130236.47315,20.8564205
Kaolack,1978,639923.6418038,505270.8498493,134652.79195450002,21.0420093
Kaolack,1979,655787.9888078,516569.12067810004,139218.86812970001,21.229249499999998
Kaolack,1980,672045.6288383,528105.8488903,143939.779948,21.4181558
Kaolack,1981,688706.3120228001,539885.5341368,148820.777886,21.6087431
Kaolack,1982,705780.0302042,551912.7397401,153867.2904641,21.801026399999998
Kaolack,1983,723277.022933,564192.0926492,159084.93028379997,21.9950206
Kaolack,1984,741207.7836085,576728.2833388001,164479.50026970002,22.190741100000004
Kaolack,1985,759583.0657719,589526.0656481,170057.00012379998,22.3882032
Kaolack,1986,778413.8895555,602590.2565575,175823.63299800002,22.587422399999998
Kaolack,1987,797711.5482915,615925.7358985,181785.812393,22.7884143
Kaolack,1988,817488.0,629538.0,187950.0,22.9911632
Kaolack,1989,838815.4444319999,643605.875682,195209.56875,23.272052300000002
Kaolack,1990,860694.2676691,647381.3369383999,213312.93073070003,24.7838215
Kaolack,1991,883105.8857049999,661850.4385354,221255.44716950002,25.0542376
Kaolack,1992,905919.1600504,676487.8009514,229431.3590989,25.3258093
Kaolack,1993,929189.5055146,691330.6517055001,237858.8538091,25.5985299
Kaolack,1994,952971.1817187,706416.3729305001,246554.8087883,25.8722209
Kaolack,1995,977361.5261435999,721787.9213431,255573.6048006,26.149341699999997
Kaolack,1996,996807.0,719572.8872303,277234.1127697,27.8122157
Kaolack,1997,1022078.0,735884.1480405,286193.8519595,28.0011752
Kaolack,1998,1047877.0,752132.5156549,295744.48434509995,28.223206
Kaolack,1999,1074178.0,759990.29613,314187.70386999997,29.249128499999998
Kaolack,2000,1100938.0,776816.3191069,324121.6808931,29.440502600000002
Kaolack,2001,1128128.0,839411.0,288717.0,25.592574600000003
Kaolack,2002,1066375.0,815990.0,250385.0,23.4800141
Kaolack,2003,1075770.0,822964.05,252805.95,23.5
Kaolack,2004,1114292.0,854034.0,260258.0,23.356355399999998
Kaolack,2005,1132707.0,868756.0,263951.0,23.3026723
Kaolack,2006,1151994.0,884171.0,267823.0,23.2486454
Kaolack,2007,1232323.0,943961.1791055,288361.8208945,23.399857100000002
Kaolack,2008,750853.0,513045.0,237808.0,31.671712
Kaolack,2009,771227.0,526971.0,244256.0,31.671090399999997
Kaolack,2010,795906.0,543839.0,252067.0,31.67
Kaolack,2013,960875.0,622115.0,338760.0,35.255366202679895
Kaolack,2014,990748.0,635070.0,355678.0,35.899946303197204
Kaolack,2015,1021656.0,650795.0,370861.0,36.2999874713211
Kaolack,2016,1053535.0,666887.0,386648.0,36.7000621716412
Kaolack,2017,1086464.0,683386.0,403078.0,37.09998674599429
Kaolack,2018,1120404.0,700253.0,420151.0,37.4999553732404
Kedougou,2008,122333.0,102279.0,20054.0,16.392960199999997
Kedougou,2009,125763.0,105147.0,20616.0,16.3927387
Kedougou,2010,129908.0,108613.0,21295.0,16.39
Kedougou,2013,151357.0,113829.0,37528.0,24.794360353336803
Kedougou,2014,156352.0,115701.0,40651.0,25.9996674171101
Kedougou,2015,161532.0,119210.0,42322.0,26.200381348587303
Kedougou,2016,166907.0,122677.0,44230.0,26.499787306703702
Kedougou,2017,172482.0,126257.0,46225.0,26.7998979603669
Kedougou,2018,178269.0,130136.0,48133.0,27.0002075515092
Kolda,1970,386090.8348432,357085.877017,29004.957826200003,7.512469900000001
Kolda,1971,395743.10571429995,365432.92478590005,30310.180928400005,7.6590547
Kolda,1972,405636.6833572,373962.54428699997,31674.139070200003,7.8084997000000005
Kolda,1973,415777.60044109996,382678.12511270004,33099.4753284,7.9608606
Kolda,1974,426172.0404521,391583.088734,34588.9517181,8.1161945
Kolda,1975,436826.3414634,400680.886918,36145.4545455,8.2745593
Kolda,1976,447747.0,409975.0,37772.0,8.4360141
Kolda,1977,458571.283725,419199.412893,39371.870832,8.5857689
Kolda,1978,469657.2445091,428617.7387161,41039.505793000004,8.738182199999999
Kolda,1979,481011.2083951,438233.43329470005,42777.7751003,8.8933011
Kolda,1980,492639.65435799997,448049.9838155,44589.670542500004,9.051173599999998
Kolda,1981,504549.2180021,458070.9073741,46478.310628,9.2118487
Kolda,1982,516746.6953473,468299.74939440005,48446.9459529,9.3753761
Kolda,1983,529239.0467073,478740.0819116,50498.9647957,9.541806300000001
Kolda,1984,542033.4006614999,489395.50171290006,52637.8989486,9.711191
Kolda,1985,555137.0581225001,500269.628326,54867.4297965,9.8835826
Kolda,1986,568557.4965026,511366.1018497,57191.3946529,10.059034500000001
Kolda,1987,582302.3739805,522688.58061570005,59613.7933648,10.2376009
Kolda,1988,596378.0,534239.0,62139.0,10.4193984
Kolda,1989,611561.187502,546803.15293,64758.034572000004,10.5889706
Kolda,1990,627126.6428463,546786.7410285999,80339.9018177,12.8107939
Kolda,1991,643058.7952078,559633.2885123,83425.50669550001,12.973231599999998
Kolda,1992,659262.5907295,572654.9791849,86607.6115446,13.1370432
Kolda,1993,675777.1186271999,585881.5671766,89895.5514506,13.302544400000002
Kolda,1994,692640.4608455,599345.7532646,93294.70758080001,13.469427900000001
Kolda,1995,709924.6109054,613094.6348175,96829.9760879,13.6394731
Kolda,1996,723594.0,623606.649615,99987.350385,13.818156400000001
Kolda,1997,741472.0,637748.9864401,103723.01355989999,13.9887971
Kolda,1998,759708.0,652124.2045167,107583.7954833,14.161203400000002
Kolda,1999,778283.0,666714.9067103,111568.0932897,14.3351574
Kolda,2000,797165.0,681492.6816021,115672.31839789999,14.5104612
Kolda,2001,816331.0,712838.0,103493.0,12.6778231
Kolda,2002,847243.0,736628.0,110615.0,13.0558765
Kolda,2003,864018.0,749967.6240000001,114050.37599999999,13.2
Kolda,2004,893867.0,776794.0,117073.0,13.097362400000002
Kolda,2005,912503.0,792826.0,119677.0,13.1152446
Kolda,2006,932014.0,809612.0,122402.0,13.1330645
Kolda,2007,942204.0,816528.8397836,125675.1602164,13.3384235
Kolda,2008,569715.0,448046.0,121669.0,21.356116699999998
Kolda,2009,585159.0,460191.0,124968.0,21.3562468
Kolda,2010,603961.0,474978.0,128983.0,21.36
Kolda,2013,662455.0,492818.0,169637.0,25.6073242710826
Kolda,2014,682687.0,501775.0,180912.0,26.4999919435993
Kolda,2015,703774.0,513755.0,190019.0,27.0000028418214
Kolda,2016,725690.0,526851.0,198839.0,27.399991732006804
Kolda,2017,748451.0,539633.0,208818.0,27.9000228471871
Kolda,2018,772073.0,552805.0,219268.0,28.3999051903123
Louga,1970,368986.31421,331300.2950625,37686.0191475,10.2133921
Louga,1971,378210.9720653,338829.0820562,39381.890009099996,10.4126778
Louga,1972,387666.24636690004,346512.17130740004,41154.075059500006,10.615852
Louga,1973,397357.9025261,354351.89408890007,43006.0084372,10.8229906
Louga,1974,407291.8500892,362350.57127240003,44941.278816900005,11.0341709
Louga,1975,417474.1463415,370510.5099778,46963.636363599995,11.2494718
Louga,1976,427911.0,378834.0,49077.0,11.4689737
Louga,1977,433051.494843,382297.533753,50753.96109,11.720075300000001
Louga,1978,438253.7424505,385765.51851009997,52488.22394040001,11.9766744
Louga,1979,443518.48465859995,389236.7381061,54281.7465525,12.2388916
Louga,1980,448846.47221479996,392709.91838259995,56136.5538322,12.506849699999998
Louga,1981,454238.46488549997,396183.72500890004,58054.739876600004,12.7806745
Louga,1982,459695.2315642,399656.76122600003,60038.47033819999,13.0604945
Louga,1983,465217.55038100004,403127.5655113,62089.984869700005,13.3464408
Louga,1984,470806.2088137,406594.609161,64211.599652699995,13.638647599999999
Louga,1985,476462.0038002,410056.2937874,66405.7100128,13.937251999999999
Louga,1986,482185.74185179995,413510.94872790005,68674.7931239,14.242394
Louga,1987,487978.2391687,416956.8283637,71021.41080499999,14.5542168
Louga,1988,493840.0,420391.0,73449.0,14.8730358
Louga,1989,499798.67344,423766.839355,76031.83408500001,15.2124922
Louga,1990,505718.2889282,415800.204894,89918.0840342,17.780271300000003
Louga,1991,511572.48384090007,418862.9841322,92709.49970870001,18.1224563
Louga,1992,517273.95917329995,421697.56876470003,95576.39040860001,18.4769383
Louga,1993,522841.8960698,424317.0884132,98524.80765660001,18.844092
Louga,1994,528294.091362,426729.2319115,101564.8594505,19.225060600000003
Louga,1995,533803.1421467,429094.50586740003,104708.6362793,19.615590100000002
Louga,1996,535968.0,428557.5732778,107410.42672219999,20.0404552
Louga,1997,541011.0,430292.3119977,110718.6880023,20.4651454
Louga,1998,545892.0,431768.9479337,114123.0520663,20.9057931
Louga,1999,550585.0,432959.48077749996,117625.51922249999,21.3637348
Louga,2000,555052.0,433829.9102198,121222.08978020001,21.8397717
Louga,2001,559268.0,445950.0,113318.0,20.2618423
Louga,2002,677513.0,551260.0,126253.0,18.6347716
Louga,2003,686856.0,558413.928,128442.07199999999,18.7
Louga,2004,714732.0,581069.0,133663.0,18.7011355
Louga,2005,729606.0,592950.0,136656.0,18.7301091
Louga,2006,745177.0,605390.0,139787.0,18.7588989
Louga,2007,780655.0,631718.5977321999,148936.4022678,19.0783896
Louga,2008,809265.0,659740.0,149525.0,18.4766424
Louga,2009,831309.0,677713.0,153596.0,18.476402899999997
Louga,2010,857944.0,699428.0,158516.0,18.48
Louga,2013,874193.0,684511.0,189682.0,21.697954570672604
Louga,2014,898732.0,698315.0,200417.0,22.299973740781496
Louga,2015,924050.0,715214.0,208836.0,22.6000757534765
Louga,2016,950102.0,732529.0,217573.0,22.8999623198351
Louga,2017,976885.0,751225.0,225660.0,23.0999554707054
Louga,2018,1004401.0,769371.0,235030.0,23.4000165272635
Matam,2002,423041.0,364027.0,59014.0,13.9499481
Matam,2003,441371.0,380461.802,60909.198,13.8
Matam,2004,461836.0,397616.0,64220.0,13.905369
Matam,2005,478573.0,412121.0,66452.0,13.885446900000002
Matam,2006,496207.0,427404.0,68803.0,13.8657859
Matam,2007,492031.0,423875.8093165,68155.1906835,13.851808300000002
Matam,2008,510566.0,424189.0,86377.0,16.917891100000002
Matam,2009,524942.0,436129.0,88813.0,16.918631
Matam,2010,542201.0,450465.0,91736.0,16.92
Matam,2013,562539.0,442755.0,119784.0,21.2934569869822
Matam,2014,584524.0,450668.0,133856.0,22.900000684317497
Matam,2015,607229.0,463923.0,143306.0,23.599992753969303
Matam,2016,630703.0,476811.0,153892.0,24.4000742029133
Matam,2017,654981.0,489926.0,165055.0,25.199967632648896
Matam,2018,680086.0,503944.0,176142.0,25.899959710977697
Saint Louis,1970,452646.3561455,358408.65535250003,94237.700793,20.8192775
Saint Louis,1971,463962.51504920004,365484.1177205,98478.3973287,21.2255073
Saint Louis,1972,475561.57792540005,372651.6527169,102909.9252084,21.6396635
Saint Louis,1973,487450.61737349996,379909.7455307,107540.8718428,22.0619008
Saint Louis,1974,499636.8828079,387256.67173209996,112380.21107580002,22.492376999999998
Saint Louis,1975,512127.804878,394690.4843039,117437.32057419998,22.9312526
Saint Louis,1976,524931.0,402209.0,122722.0,23.378691699999997
Saint Louis,1977,535403.898381,408681.529347,126722.36903399999,23.6685555
Saint Louis,1978,546085.7415576,415232.6034602,130853.13809739999,23.9620133
Saint Louis,1979,556980.6981874,421862.1403475,135118.55784000002,24.259109600000002
Saint Louis,1980,568093.0200970001,428570.0026271,139523.0174699,24.559889399999996
Saint Louis,1981,579427.0439409,435355.99467059993,144071.0492703,24.8643985
Saint Louis,1982,590987.1928946,442219.85963120003,148767.33326339998,25.1726831
Saint Louis,1983,602777.97838,449161.2763542,153616.70202579998,25.48479
Saint Louis,1984,614804.0018266999,456179.8561649,158624.14566170002,25.800766600000003
Saint Louis,1985,627069.9564671,463275.13952930004,163794.8169379,26.1206609
Saint Louis,1986,639580.6291686,470446.592583,169134.0365856,26.4445214
Saint Louis,1987,652340.9023011,477693.603525,174647.2987762,26.7723974
Saint Louis,1988,665353.0,485014.0,180339.0,27.104258899999998
Saint Louis,1989,679342.712178,493175.516376,186167.195802,27.4040175
Saint Louis,1990,693598.7189931,490352.66129440005,203246.05769870002,29.303119
Saint Louis,1991,708098.4002136,498248.1904488,209850.20976479998,29.6357413
Saint Louis,1992,722730.5455556,506095.29819420003,216635.2473615,29.974552600000003
Saint Louis,1993,737534.9580508,513917.5820185,223617.3760323,30.319563
Saint Louis,1994,752545.269517,521734.42326999997,230810.84624699998,30.670692600000002
Saint Louis,1995,767861.0708422,529618.9705172,238242.10032509998,31.026719500000002
Saint Louis,1996,779051.0,501513.4989544001,277537.5010456,35.625074700000006
Saint Louis,1997,794630.0,508539.8551445,286090.14485549997,36.0029378
Saint Louis,1998,810403.0,515515.84584049997,294887.1541595,36.3877175
Saint Louis,1999,826343.0,522416.0326366,303926.96736340004,36.779759399999996
Saint Louis,2000,842409.0,529206.4023502,261289.0,31.0168813
Saint Louis,2001,858573.0,589184.0,269389.0,31.3763652
Saint Louis,2002,688767.0,437045.0,251722.0,36.5467567
Saint Louis,2003,703699.0,449663.661,254035.33899999998,36.1
Saint Louis,2004,738724.0,468181.0,270543.0,36.6230148
Saint Louis,2005,764347.0,486346.0,278001.0,36.3710461
Saint Louis,2006,788006.0,503391.0,284615.0,36.11837979999999
Saint Louis,2007,809813.0,512811.1268333,297001.8731667,36.675365
Saint Louis,2008,840844.0,474270.0,366574.0,43.5959583
Saint Louis,2009,865058.0,487923.0,377135.0,43.596498700000005
Saint Louis,2010,894000.0,504242.0,389758.0,43.6
Saint Louis,2013,908942.0,496905.0,412037.0,45.331495298929994
Saint Louis,2014,932876.0,500954.0,431922.0,46.3000441644977
Saint Louis,2015,957602.0,508486.0,449116.0,46.9000691310168
Saint Louis,2016,983032.0,516091.0,466941.0,47.5000813808706
Saint Louis,2017,1009170.0,523759.0,485411.0,48.100022791006495
Saint Louis,2018,1036009.0,531473.0,504536.0,48.6999630312092
Sedhiou,2008,406785.0,343455.0,63330.0,15.568420699999999
Sedhiou,2009,417812.0,352766.0,65046.0,15.568245999999998
Sedhiou,2010,431238.0,364102.0,67136.0,15.57
Sedhiou,2013,452994.0,365980.0,87014.0,19.208642940083102
Sedhiou,2014,468098.0,372138.0,95960.0,20.499980773256897
Sedhiou,2015,483768.0,382177.0,101591.0,20.9999421210167
Sedhiou,2016,500064.0,393051.0,107013.0,21.399860817815302
Sedhiou,2017,517016.0,403790.0,113226.0,21.899902517523604
Sedhiou,2018,534655.0,414893.0,119762.0,22.399865333719898
Tambacounda,1970,252656.4309139,221311.6947731,31344.7361408,12.406071
Tambacounda,1971,258972.8416867,226217.5924196,32755.2492671,12.648140699999999
Tambacounda,1972,265447.16272890003,231217.9272448,34229.2354841,12.8949336
Tambacounda,1973,272083.34179710003,236313.79071620002,35769.551080900004,13.1465421
Tambacounda,1974,278885.4253421,241506.2444625,37379.1808796,13.40306
Tambacounda,1975,285857.5609756,246796.3169565,39061.2440191,13.6645831
Tambacounda,1976,293004.0,252185.0,40819.0,13.931209099999998
Tambacounda,1977,300002.40054,257779.839225,42222.561315,14.0740745
Tambacounda,1978,307167.9578769,263493.5737911,43674.384085800004,14.2184049
Tambacounda,1979,314504.6645508,269328.5367682,45176.1277826,14.3642155
Tambacounda,1980,322016.6084636,275287.09952720004,46729.5089364,14.511521400000001
Tambacounda,1981,329707.9751567,281371.6720555,48336.3031012,14.660337900000002
Tambacounda,1982,337583.0501434,287584.70326,49998.3468833,14.8106805
Tambacounda,1983,345646.221296,293928.68125509995,51717.54004090001,14.9625649
Tambacounda,1984,353901.98129170004,300406.1336365,53495.8476552,15.1160068
Tambacounda,1985,362354.9301148,307019.627738,55335.3023768,15.271022400000001
Tambacounda,1986,371009.7776206,313771.77087159996,57238.00674909999,15.4276276
Tambacounda,1987,379871.34615909995,320665.210548,59206.13561109999,15.585838800000001
Tambacounda,1988,388946.0,327704.0,61242.0,15.745630499999999
Tambacounda,1989,398732.270306,335146.477724,63585.792582,15.9469893
Tambacounda,1990,408760.7856365,342748.9407243,66011.8449122,16.1492607
Tambacounda,1991,419022.72515990003,350502.43014099996,68520.29501880001,16.3524055
Tambacounda,1992,429454.71492540004,358352.0955482,71102.6193772,16.556488199999997
Tambacounda,1993,440082.43075570004,366317.729309,73764.7014467,16.7615647
Tambacounda,1994,450930.4626738,374418.5424512,76511.9202227,16.9675652
Tambacounda,1995,462045.89857869997,382684.4449112,79361.4536675,17.1760974
Tambacounda,1996,470800.0,390717.0,80083.0,17.2
Tambacounda,1997,482287.0,399473.0,82814.0,17.1711035
Tambacounda,1998,493999.0,408374.0,85625.0,17.333031
Tambacounda,1999,505924.0,417409.0,88515.0,17.4957108
Tambacounda,2000,518040.0,426558.0,91482.0,17.659254100000002
Tambacounda,2001,530333.0,435809.0,94524.0,17.823518399999998
Tambacounda,2002,605695.0,503303.0,102392.0,16.9048779
Tambacounda,2003,630716.0,524124.99600000004,106591.004,16.9
Tambacounda,2004,650399.0,540611.0,109788.0,16.880099800000004
Tambacounda,2005,669091.0,556223.0,112868.0,16.8688564
Tambacounda,2006,688702.0,572603.0,116099.0,16.857654
Tambacounda,2007,708971.0,588432.8353284,120538.16467160001,17.001847
Tambacounda,2008,613066.0,485388.0,127678.0,20.8261427
Tambacounda,2009,630247.0,498991.0,131256.0,20.8261206
Tambacounda,2010,651018.0,515437.0,135581.0,20.83
Tambacounda,2013,681310.0,519871.0,161439.0,23.695380957273503
Tambacounda,2014,705396.0,534690.0,170706.0,24.2000238164095
Tambacounda,2015,730473.0,552238.0,178235.0,24.3999435981891
Tambacounda,2016,756588.0,569711.0,186877.0,24.699968807329803
Tambacounda,2017,783777.0,587833.0,195944.0,24.999968103172197
Tambacounda,2018,812075.0,606620.0,205455.0,25.300003078533397
Thies,1970,593967.3272109,440614.7087981,153352.6184128,25.8183593
Thies,1971,608816.5103912,448563.0241498,160253.4862414,26.3221321
Thies,1972,624036.923151,456572.03002869996,167464.89312229998,26.8357347
Thies,1973,639637.8462297,464637.032917,175000.8133128,27.3593588
Thies,1974,655628.7923854999,472752.9424736,182875.8499119,27.893199900000003
Thies,1975,672019.5121951001,480914.2490372,191105.2631579,28.4374575
Thies,1976,688820.0,489115.0,199705.0,28.9923347
Thies,1977,707422.27292,499630.61835500004,207791.654565,29.3730721
Thies,1978,726526.9188225,510321.15678920003,216205.76203329998,29.758809499999998
Thies,1979,746147.5047921999,521186.92283690005,224960.5819553,30.149612599999998
Thies,1980,766297.9643066,532228.0535062001,234069.91080039996,30.5455478
Thies,1981,786992.6071306999,543444.5034322,243548.10369850002,30.9466825
Thies,1982,808246.1294789,554836.0324173,253410.09706149998,31.3530851
Thies,1983,830073.6244516,566402.1923297,263671.43212179997,31.764824800000003
Thies,1984,852490.5927535,578142.3133306999,274348.27942279994,32.1819715
Thies,1985,875512.9537014,590055.4894,285457.46430140006,32.6045963
Thies,1986,899157.0565291,602140.5631257,297016.49340340006,33.0327712
Thies,1987,923439.6919976999,614396.1097269,309043.58227079996,33.4665691
Thies,1988,948378.0,626818.0,321560.0,33.9063116
Thies,1989,975229.4263139999,640546.241154,334683.18516,34.31840510000001
Thies,1990,1002837.1961434999,643110.1636797,359727.0324638,35.8709304
Thies,1991,1031183.3923297,657019.0881202,374164.30420949997,36.284942799999996
Thies,1992,1060119.4295019002,671071.8816616,389047.5478402,36.6984641
Thies,1993,1089712.6633764,685302.3613051999,404410.3020712,37.1116456
Thies,1994,1120031.7388095,699747.5324566,420284.206353,37.524312200000004
Thies,1995,1151194.3818783998,714412.3080118,436782.07386659994,37.941644000000004
Thies,1996,1176654.0,702352.2029149,474301.79708509997,40.3093685
Thies,1997,1209110.0,716626.7189116001,492483.2810884,40.7310568
Thies,1998,1242329.0,731080.7108989,511248.28910109994,41.152407200000006
Thies,1999,1276286.0,745694.1866466999,530591.8133533,41.5731124
Thies,2000,1310933.0,760426.3199986,550506.6800014,41.993502299999996
Thies,2001,1346238.0,816821.0,529417.0,39.325661600000004
Thies,2002,1290265.0,728820.0,561445.0,43.513929299999994
Thies,2003,1305464.0,737587.16,567876.84,43.5
Thies,2004,1358658.0,764962.0,593696.0,43.6972365
Thies,2005,1385058.0,778523.0,606535.0,43.791306899999995
Thies,2006,1413448.0,793317.0,620131.0,43.8736338
Thies,2007,1516990.0,841556.1045392,675433.8954608,44.5246109
Thies,2008,1570150.0,876517.0,693633.0,44.176225200000005
Thies,2009,1610052.0,898792.0,711260.0,44.176212899999996
Thies,2010,1658445.0,925808.0,732637.0,44.18
Thies,2013,1788864.0,916752.0,872112.0,48.752280777074205
Thies,2014,1838366.0,928375.0,909991.0,49.499990752657496
Thies,2015,1889323.0,942773.0,946550.0,50.099956439422996
Thies,2016,1941549.0,959125.0,982424.0,50.600010610085
Thies,2017,1995037.0,973578.0,1021459.0,51.2000028069655
Thies,2018,2049764.0,990036.0,1059728.0,51.70000058543321
Ziguinchor,1970,256454.8486084,188610.4922358,67844.3563726,26.4546983
Ziguinchor,1971,262866.2198237,191968.86741429998,70897.3524094,26.9708875
Ziguinchor,1972,269437.8753192,195350.1420514,74087.7332678,27.497148699999997
Ziguinchor,1973,276173.8222022,198752.1409374,77421.68126489999,28.0336784
Ziguinchor,1974,283078.1677573,202172.5108355,80905.65692180001,28.580677
Ziguinchor,1975,290155.1219512,205608.710468,84546.4114833,29.138348800000003
Ziguinchor,1976,297409.0,209058.0,88351.0,29.7069019
Ziguinchor,1977,304934.042518,212538.33373800002,92395.70878,30.3002276
Ziguinchor,1978,312649.4836618,216023.8993338,96625.5843279,30.9054035
Ziguinchor,1979,320560.14089740004,219511.03731890002,101049.1035785,31.5226663
Ziguinchor,1980,328670.95358240005,222995.8220421,105675.1315403,32.1522576
Ziguinchor,1981,336986.9860499,226474.04698770004,110512.93906219999,32.7944234
Ziguinchor,1982,345513.430771,229941.2093585,115572.2214125,33.449415
Ziguinchor,1983,354255.6115963,233392.4938876,120863.11770880001,34.1174885
Ziguinchor,1984,363218.9870809,236822.7558435,126396.2312375,34.798905299999994
Ziguinchor,1985,372409.1538921,240226.5031886,132182.6507035,35.493931700000005
Ziguinchor,1986,381831.8503038,243597.87785110003,138233.97245270002,36.202839600000004
Ziguinchor,1987,391492.9597802,246930.6360686,144562.3237116,36.9259064
Ziguinchor,1988,401396.0,250215.0,151181.0,37.6638033
Ziguinchor,1989,412075.14058,254106.86958499998,157968.270995,38.3348218
Ziguinchor,1990,423036.75139459997,251334.03261360002,171702.7187809,40.5881329
Ziguinchor,1991,434271.76143809996,255149.1753426,179122.58609549998,41.2466575
Ziguinchor,1992,445716.12516730005,258929.586332,186786.5388353,41.9070633
Ziguinchor,1993,457397.4533757,262688.45547399996,194708.9979016,42.5688854
Ziguinchor,1994,469342.3878705999,266434.63539949997,202907.7524711,43.232351799999996
Ziguinchor,1995,481599.26432980003,270142.9247462,211456.3395837,43.907114299999996
Ziguinchor,1996,491434.0,272396.33945549995,219037.66054450002,44.571124600000005
Ziguinchor,1997,504150.0,276079.5282263,228070.4717738,45.2386139
Ziguinchor,1998,517141.0,279733.5782061,237407.42179390002,45.9076774
Ziguinchor,1999,530393.0,283345.4530356,247047.5469644,46.5782065
Ziguinchor,2000,543886.0,286899.1157372,256986.88426279998,47.2501378
Ziguinchor,2001,557606.0,298432.0,259174.0,46.479772499999996
Ziguinchor,2002,437986.0,247173.0,190813.0,43.5660044
Ziguinchor,2003,445463.0,250795.669,194667.331,43.7
Ziguinchor,2004,444830.0,253899.0,190931.0,42.92224
Ziguinchor,2005,457847.0,264971.0,192876.0,42.1267367
Ziguinchor,2006,463379.0,267848.0,195531.0,42.196776299999996
Ziguinchor,2007,658579.0,377052.1434212,281526.8565788,42.7476213
Ziguinchor,2008,679287.0,358946.0,320341.0,47.15841760000001
Ziguinchor,2009,694460.0,366964.0,327496.0,47.1583677
Ziguinchor,2010,713440.0,376993.0,336447.0,47.16
Ziguinchor,2013,549151.0,296895.0,252256.0,45.9356351895927
Ziguinchor,2014,565940.0,303344.0,262596.0,46.399971728451796
Ziguinchor,2015,583528.0,309854.0,273674.0,46.8998916932864
Ziguinchor,2016,601929.0,317216.0,284713.0,47.300096855277005
Ziguinchor,2017,621168.0,324250.0,296918.0,47.79995105993871
Ziguinchor,2018,641254.0,332170.0,309084.0,48.199933255777
