region,Date,Effectif de la population,Population rurale,Population urbaine,Taux d'urbanisation,Nombre de ménages ruraux,Nombre de ménages urbains,Taille moyenne des ménages,Taille moyenne des ménages ruraux,Taille moyenne des ménages urbains,Superficie Perdue,risque déforestation
Dakar,1970,724461.6921597,27614.7378256,696846.9543341,96.1882404,2785.3481957,97871.7632492,7.55,9.9142857,7.12,4.43512979850769,1
Dakar,1971,759203.2526073002,28805.871927,730397.3806802,96.205776,2928.7015757,101632.2885919,7.52,9.8357143,7.1866667,4.43512979850769,1
Dakar,1972,795610.844586,30048.384406700014,765562.4601793,96.2232309,3079.6294414,105546.2950615,7.48,9.7571429,7.253333299999999,4.43512979850769,1
Dakar,1973,833764.3626382,31344.491419700003,802419.8712184,96.2406055,3238.5452389,109620.2009861,7.45,9.6785714,7.32,4.43512979850769,1
Dakar,1974,873747.5326485,32696.5047126,841051.0279358,96.2579002,3405.8859076,114397.5826899,7.42,9.6,7.352,4.43512979850769,1
Dakar,1975,915648.0955766,34106.835746900004,881541.2598296999,96.2751153,3582.1132817,119385.32771260002,7.44,9.5214286,7.383999999999999,4.43512979850769,1
Dakar,1976,959558.0,35578.0,923980.0,96.2922512,3767.7155825,124592.772384,7.46,9.4428571,7.416,4.43512979850769,1
Dakar,1977,995975.145216,36776.72353600001,959198.42168,96.3074657,3927.3388978,128786.0394307,7.49,9.364285699999998,7.447999999999999,4.43512979850769,1
Dakar,1978,1033774.3939272,38015.1652065,995759.2287208,96.3226826,4093.9408684,133122.89154019998,7.51,9.2857143,7.48,4.43512979850769,1
Dakar,1979,1073008.1997254998,39294.6122429,1033713.5874827,96.337902,4267.8399643,137608.305043,7.54,9.2071429,7.512,4.43512979850769,1
Dakar,1980,1113731.0069216,40616.3923384,1073114.6145831998,96.3531237,4449.370052699999,142247.430353,7.56,9.1285714,7.544,4.43512979850769,1
Dakar,1981,1155999.3260962,41981.8748636,1114017.4512326,96.3683478,4638.881200399999,147045.5981036,7.58,9.05,7.576,4.43512979850769,1
Dakar,1982,1199871.8125202,43392.4721164,1156479.3404038,96.3835743,4836.7405225,152008.3255,7.59,8.9714286,7.608,4.43512979850769,1
Dakar,1983,1245409.347549,44849.6406064,1200559.7069426,96.3988033,5043.3330802,157141.3228982,7.61,8.8928571,7.64,4.43512979850769,1
Dakar,1984,1292675.1231071998,46354.8823747,1246320.2407325,96.4140346,5259.062830200001,162450.5006168,7.62,8.8142857,7.6720000000000015,4.43512979850769,1
Dakar,1985,1341734.7293794,47909.7463511,1293824.9830282,96.4292684,5484.3536297,167941.9759902,7.64,8.735714300000001,7.704,4.43512979850769,1
Dakar,1986,1392656.2458288,49515.82974740001,1343140.4160813,96.4445045,5719.6503009,173622.08067239998,7.65,8.6571429,7.7360000000000015,4.43512979850769,1
Dakar,1987,1445510.3356705,51174.7794898,1394335.5561807,96.4597431,5965.4197573,179497.3682004,7.66,8.578571400000001,7.768,4.43512979850769,1
Dakar,1988,1500375.0,52898.0,1447477.0,96.4743481,6223.2941176,185573.974359,7.67,8.5,7.8,4.43512979850769,1
Dakar,1989,1558377.997125,54737.442048,1503640.555077,96.4875375,6499.7810744,191986.792017,7.68,8.421428599999999,7.832000000000002,4.43512979850769,1
Dakar,1990,1618483.0780961,56635.0934915,1561847.9846046,96.50073,6788.452987000002,198607.3225591,7.68,8.3428571,7.864,4.43512979850769,1
Dakar,1991,1680702.4230674,58595.21952080001,1622107.2035466004,96.513647,7090.1734943,205434.0430024,7.8,8.2642857,7.896,4.43512979850769,1
Dakar,1992,1744827.9433171004,60120.3785712,1684707.5647459,96.5543664,7243.419105,215988.1493264,7.8,8.3,7.8,4.43512979850769,1
Dakar,1993,1811005.7775512,62171.50406080001,1748834.2734903996,96.5670179,7490.542657899998,224209.5222424,7.8,8.3,7.8,4.43512979850769,1
Dakar,1994,1879382.1116884,64284.5075755,1815097.6041129,96.5794871,7745.1213946000025,232704.8210401,9.2,8.3,7.8,4.43512979850769,1
Dakar,1995,1939636.0,66755.0,1872881.0,96.5583749,8042.771084299998,240112.9487179,9.2,8.3,7.8,4.43512979850769,1
Dakar,1996,2012303.0,69011.0,1943292.0,96.5705463,8314.5783133,249140.0,9.2,8.3,7.8,4.43512979850769,1
Dakar,1997,2087345.0,71336.0,2016009.0,96.5824528,8594.6987952,258462.6923077,9.2,8.3,7.8,4.43512979850769,1
Dakar,1998,2164806.0,73725.0,2091081.0,96.5943831,8882.5301205,268087.3076923,9.2,8.3,7.8,4.43512979850769,1
Dakar,1999,2244682.0,76184.0,2168498.0,96.6060226,9178.7951807,278012.5641026,9.2,8.3,7.8,4.43512979850769,1
Dakar,2000,2326929.0,78706.0,2248223.0,96.617602,9482.6506024,288233.7179487,9.2,8.3,7.8,4.43512979850769,1
Diourbel,1970,372010.3893189,302329.99423609994,69680.39508280001,18.7307659,65533.67990980001,12568.1440443,7.9079812999999985,9.0,7.22,0.297795047340393,0
Diourbel,1971,381310.6490519,308494.63619040005,72816.0128616,19.0962442,67579.4088556,12797.8049883,7.9079812999999985,9.0,7.3266667,0.297795047340393,0
Diourbel,1972,390843.4152782,314750.6818379,76092.7334403,19.4688539,69299.8888889,13034.4253034,7.9079812999999985,9.0,7.4333333,0.297795047340393,0
Diourbel,1973,400614.5006602,321097.594215,79516.9064452,19.848734,71444.1111111,13278.1547083,7.9079812999999985,9.0,7.54,0.297795047340393,0
Diourbel,1974,410629.8631767,327534.6959415,83095.1672352,20.2360263,73646.0,13529.1491894,7.9079812999999985,9.0,7.6466667,0.297795047340393,0
Diourbel,1975,420895.6097561,334061.1599953,86834.44976080001,20.630875600000003,75904.44444439997,13787.5710502,7.9079812999999985,9.0,7.753333299999999,0.297795047340393,0
Diourbel,1976,431418.0,340676.0,90742.0,21.0334293,78217.1111111,14053.588972299998,7.9079812999999985,9.0,7.86,0.297795047340393,0
Diourbel,1977,444892.909812,351127.658598,93765.251214,21.0759149,80582.2222222,14327.3780878,7.9079812999999985,9.0,7.9666667,0.297795047340393,0
Diourbel,1978,458788.6949571,361899.4668684,96889.2280887,21.1184864,84886.0,14609.120062399998,7.9079812999999985,10.7,8.0733333,0.297795047340393,0
Diourbel,1979,473118.5010554,373001.2145544,100117.2865009,21.1611438,84260.0,14899.0031882,7.9079812999999985,10.5,8.18,0.297795047340393,0
Diourbel,1980,487895.88431730005,384442.990182,103452.8941353,21.2038874,92808.0,15197.222487,7.9079812999999985,10.5,8.2866667,0.297795047340393,0
Diourbel,1981,503134.8243681,396235.1901589001,106899.6342092,21.2467174,90990.2727273,15503.9798232,7.9079812999999985,11.0,8.393333300000002,0.297795047340393,0
Diourbel,1982,518849.7374724,408388.5281503,110461.2093221,21.2896338,93677.5675676,15819.411764700002,7.9079812999999985,11.1,8.5,0.297795047340393,0
Diourbel,1983,535055.4901726,420914.0447395,114141.44543310002,21.332637,93837.3463005,16554.722506000002,7.9079812999999985,11.1683183,8.4,0.297795047340393,0
Diourbel,1984,551767.4133527,433823.1173821,117944.2959706,21.375727,95870.6852155,17273.6496602,7.9079812999999985,11.2389726,8.325,0.297795047340393,0
Diourbel,1985,569001.3167413,447127.47066190006,121873.8460795,21.4189041,98293.9862504,17982.9263966,7.9079812999999985,11.3120552,8.26875,0.297795047340393,0
Diourbel,1986,586773.5038684,460839.1868591,125934.3170093,21.4621683,100729.9724523,18977.4324287,7.9079812999999985,11.3876632,8.1,0.297795047340393,0
Diourbel,1987,605100.7874882,474970.7168392,130130.07064910002,21.50552,48196.2903315,19614.5427902,7.9079812999999985,8.8,8.1,0.297795047340393,0
Diourbel,1988,624000.0,489535.0,134465.0,21.5488782,48968.3307722,20270.3942574,7.9079812999999985,8.8,8.1,0.297795047340393,0
Diourbel,1989,644148.96,505089.29095,139059.66905,21.5881229,49751.5709017,20948.1754302,7.9079812999999985,8.8,8.1,0.297795047340393,0
Diourbel,1990,664933.0703434,521129.9369224,143803.133421,21.626708,50546.1326659,21525.308642,7.9079812999999985,8.8,8.1,0.297795047340393,0
Diourbel,1991,686345.9100076,537649.5873657,148696.32264189998,21.6649244,51352.1377855,22236.9135802,7.9079812999999985,8.8,8.1,0.297795047340393,0
Diourbel,1992,708293.1931719,554575.9904997,153717.20267220002,21.702482,52169.6590909,22968.5185185,7.9079812999999985,8.8,8.1,0.297795047340393,0
Diourbel,1993,730826.1245263,571948.327926,158877.79660029995,21.7394796,53041.3871586,23720.0,7.9079812999999985,8.8,8.1,0.297795047340393,0
Diourbel,1994,753993.3126738,589803.1191886,164190.19348520006,21.7760809,53249.4585252,24490.4938272,7.9079812999999985,8.8,8.1,0.297795047340393,0
Diourbel,1995,777894.9006856,608214.6797008,169680.2209848,21.8127437,54107.7665559,22751.888888900005,7.9079812999999985,8.8,9.0,0.297795047340393,0
Diourbel,1996,798054.0,623699.0,174355.0,21.847519100000003,54962.5337989,17860.0,7.9079812999999985,8.8,9.8,0.297795047340393,0
Diourbel,1997,823116.0,642997.0,180119.0,21.8825779,55815.69664380001,18065.0,7.9079812999999985,8.8,9.3,0.297795047340393,0
Diourbel,1998,848859.0,662814.0,186045.0,21.9170675,56670.0017126,18065.0,7.9079812999999985,8.8,9.3,0.297795047340393,0
Diourbel,1999,875272.0,683140.0,192132.0,21.9511192,57535.08663330001,18220.2,7.9079812999999985,8.8,10.0,0.297795047340393,0
Diourbel,2000,902327.0,703954.0,198373.0,21.984602,55729.105000400006,18471.089108900003,7.9079812999999985,8.8,10.1,0.297795047340393,0
Fatick,1970,359363.9434828,330557.8706527,28806.07283,8.0158495,54109.0921314,6078.6649791,7.9079812999999985,10.2,7.44,34.785629771362004,0
Fatick,1971,368348.0420698,338245.6959625,30102.3461074,8.172256299999999,55312.9502597,6193.372249,7.9079812999999985,10.2,7.5333333,34.785629771362004,0
Fatick,1972,377556.7431216,346099.7914394,31456.951682200004,8.331714999999999,56541.9885626,6311.2128499,7.9079812999999985,10.2,7.6266667,34.785629771362004,0
Fatick,1973,386995.6616996,354123.1471917,32872.5145079,8.494285000000001,57796.6731028,6432.2589039,7.9079812999999985,10.2,7.72,34.785629771362004,0
Fatick,1974,396670.5532421,362318.7755814,34351.7776608,8.6600272,59077.4761331,6556.5848969,7.9079812999999985,10.2,7.8133333,34.785629771362004,0
Fatick,1975,406587.3170732,370689.7094177,35897.6076555,8.829003300000002,60384.8760685,6684.2677206,7.9079812999999985,10.2,7.9066667,34.785629771362004,0
Fatick,1976,416752.0,379239.0,37513.0,9.0012765,61719.4117647,6815.375,7.9079812999999985,10.2,8.0,34.785629771362004,0
Fatick,1977,424073.499136,385373.13766,38700.361476,9.1258618,63098.615262900006,7038.9465615,7.9079812999999985,10.2,8.0,34.785629771362004,0
Fatick,1978,431523.6223688,391598.3170514,39925.3053174,9.2521714,63468.7585234,8009.088513799998,7.9079812999999985,10.2,8.0,34.785629771362004,0
Fatick,1979,439104.6293666,397915.6082853,41189.0210813,9.3802293,64887.2978956,8278.167504000001,7.9079812999999985,10.2,8.0,34.785629771362004,0
Fatick,1980,446818.8194953,404326.0835187,42492.7359766,9.510059599999998,70467.4792658,8554.3321204,7.9079812999999985,9.6,8.0,34.785629771362004,0
Fatick,1981,454668.5325162,410830.8164605,43837.7160557,9.6416868,72013.6095527,8838.765465,7.9079812999999985,9.6,8.0,34.785629771362004,0
Fatick,1982,462656.1492954001,417430.8818511,45225.2674443,9.7751359,73585.0388469,9131.5317748,7.9079812999999985,9.6,8.0,34.785629771362004,0
Fatick,1983,470784.0925263,424127.3549168,46656.7376095,9.9104321,75186.24180660001,9434.0681908,7.9079812999999985,9.6,8.0,34.785629771362004,0
Fatick,1984,479054.8274638,430921.3107955,48133.516668300006,10.0476008,74955.5090865,12268.3594996,7.9079812999999985,9.6,8.0,34.785629771362004,0
Fatick,1985,487470.8626727,437813.82393479993,49657.0387379,10.1866681,76654.5987542,12650.7876255,7.9079812999999985,9.6,8.0,34.785629771362004,0
Fatick,1986,496034.7507881,444805.9674601,51228.783328,10.3276602,78347.1370474,13085.6242749,7.9079812999999985,9.6,8.0,34.785629771362004,0
Fatick,1987,504749.0892899,451898.812512,52850.27677790001,10.4706037,79165.6558469,13489.8953479,7.9079812999999985,9.6,8.0,34.785629771362004,0
Fatick,1988,513616.0,459093.0,54523.0,10.6155182,80918.36657360001,13904.314146,7.9079812999999985,9.6,8.0,34.785629771362004,0
Fatick,1989,523075.779488,466764.206996,56311.572492,10.7654712,76310.0909091,9087.444444399998,7.9079812999999985,11.0,9.0,34.785629771362004,0
Fatick,1990,532667.9431323,468595.235022,64072.7081103,12.0286398,75220.0,9206.0,7.9079812999999985,11.1,8.7,34.785629771362004,0
Fatick,1991,542373.6857241,476148.34569190006,66225.34003220001,12.210279,76256.0,9396.0,7.9079812999999985,10.7,8.2,34.785629771362004,0
Fatick,1992,552104.9543933001,483670.2974299,68434.6569634,12.395226,83729.0,9396.0,7.9079812999999985,10.7,8.2,34.785629771362004,0
Fatick,1993,561888.2541852,491178.1304655,70710.1237197,12.5843748,78977.8181818,9132.1111111,7.9079812999999985,11.0,9.0,34.785629771362004,0
Fatick,1994,571748.2692696,498696.0150711,73052.2541985,12.7769961,81116.6055046,10720.1282051,7.9079812999999985,10.9,7.8,34.785629771362004,0
Fatick,1995,581781.3078988001,506308.7623727,75472.5455261,12.9726659,86442.4176467,11684.2400028,7.9079812999999985,10.9201154,7.802233999999999,34.785629771362004,0
Fatick,1996,588563.0,490416.1240033,98146.8759967,16.675678899999998,46892.7018386,11534.7160223,7.9079812999999985,10.940828300000002,7.8019259,34.785629771362004,0
Fatick,1997,598607.0,497400.69899630005,101206.3010037,16.9069692,48071.83260930001,12167.0159861,7.9079812999999985,10.9621575,7.7990364,34.785629771362004,0
Fatick,1998,608706.0,504021.00580079993,104684.9941992,17.1979567,49511.3743575,12148.754924,7.9079812999999985,10.9841225,7.8324899000000014,34.785629771362004,0
Fatick,1999,618837.0,510917.8372169001,107919.1627831,17.4390288,58855.2503913,14018.5487931,7.9079812999999985,8.5,6.9,34.785629771362004,0
Fatick,2000,628969.0,517734.486832,111234.513168,17.6852139,60160.7178647,14649.383488799998,7.9079812999999985,8.5,6.9,34.785629771362004,0
Kaolack,1970,525429.3854137999,428701.3987416,96727.9866722,18.4093219,47926.0722257,36227.0698683,7.9079812999999985,8.7,7.9,9.357258664946768,0
Kaolack,1971,538565.1200491,437484.3739767,101080.7460725,18.7685281,48320.8045977,37436.0106766,7.9079812999999985,8.7,7.9,9.357258664946768,0
Kaolack,1972,552029.2480503,446399.8684046,105629.3796457,19.1347433,48708.8321098,39770.5954266,7.9079812999999985,8.7,7.9,9.357258664946768,0
Kaolack,1973,565829.9792516,455447.2775218,110382.7017298,19.5081042,47793.1269993,41028.06087250001,7.9079812999999985,8.7,7.9,9.357258664946768,0
Kaolack,1974,579975.7287329,464625.8054253,115349.9233076,19.888750100000006,48145.1705899,36089.625,7.9079812999999985,8.7,8.0,9.357258664946768,0
Kaolack,1975,594475.1219512,473934.4520948,120540.6698565,20.2768233,48470.9849155,28510.0,7.9079812999999985,8.7,9.0,9.357258664946768,0
Kaolack,1976,609337.0,483372.0,125965.0,20.6724686,48772.079128,28501.0,7.9079812999999985,8.7,8.8,9.357258664946768,0
Kaolack,1977,624443.073567,494206.600417,130236.47315,20.8564205,49049.3370013,28501.0,7.9079812999999985,8.7,8.8,9.357258664946768,0
Kaolack,1978,639923.6418038,505270.8498493,134652.79195450002,21.0420093,49321.207571,29327.8888889,7.9079812999999985,8.7,9.0,9.357258664946768,0
Kaolack,1979,655787.9888078,516569.1206781,139218.8681297,21.2292495,49259.4911814,29758.1111111,7.9079812999999985,8.7,9.0,9.357258664946768,0
Kaolack,1980,672045.6288383,528105.8488903,143939.779948,21.4181558,49458.8864365,31873.6103138,7.9079812999999985,8.7,9.0470398,9.357258664946768,0
Kaolack,1981,688706.3120228001,539885.5341368,148820.777886,21.6087431,49628.614705,26153.0148921,7.9079812999999985,8.7,9.0929478,9.357258664946768,0
Kaolack,1982,705780.0302042,551912.7397401,153867.2904641,21.8010264,49765.4575606,26730.5936816,7.9079812999999985,8.7,9.1376945,9.357258664946768,0
Kaolack,1983,723277.022933,564192.0926492,159084.93028379994,21.9950206,49865.506921800006,27454.541306700004,7.9079812999999985,8.7,9.1812497,9.357258664946768,0
Kaolack,1984,741207.7836085,576728.2833388001,164479.50026970002,22.190741100000004,44595.0,3867.3277102,7.9079812999999985,10.0,7.5,9.357258664946768,0
Kaolack,1985,759583.0657719,589526.0656481,170057.00012379998,22.3882032,52081.0,4041.3574571,7.9079812999999985,10.8,7.5,9.357258664946768,0
Kaolack,1986,778413.8895555,602590.2565575,175823.63299800002,22.5874224,52993.0,4223.2185427,7.9079812999999985,10.4,7.5,9.357258664946768,0
Kaolack,1987,797711.5482915,615925.7358985,181785.812393,22.7884143,55872.0,4413.263377100001,7.9079812999999985,10.4,7.5,9.357258664946768,0
Kaolack,1988,817488.0,629538.0,187950.0,22.9911632,65883.3333333,4595.5206003,7.9079812999999985,9.0,7.5266667,9.357258664946768,0
Kaolack,1989,838815.4444319998,643605.875682,195209.56875,23.2720523,71222.35294119999,4785.3646795,7.9079812999999985,8.5,7.5533333,9.357258664946768,0
Kaolack,1990,860694.2676691,647381.3369383999,213312.93073070003,24.7838215,74367.86293250001,4983.1134565,7.9079812999999985,8.4945106,7.58,9.357258664946768,0
Kaolack,1991,883105.8857049998,661850.4385354,221255.4471695,25.0542376,77718.2142492,5175.9689963,7.9079812999999985,8.4888724,7.6066667,9.357258664946768,0
Kaolack,1992,905919.1600504,676487.8009514,229431.3590989,25.3258093,79889.95591260001,5376.354470699999,7.9079812999999985,8.4830814,7.6333332999999985,9.357258664946768,0
Kaolack,1993,929189.5055146,691330.6517055001,237858.8538091,25.5985299,82507.6048299,5584.56594,7.9079812999999985,8.4771337,7.66,9.357258664946768,0
Kaolack,1994,952971.1817187,706416.3729305002,246554.8087883,25.8722209,36923.0,5800.911172,7.9079812999999985,10.1,7.6866667,9.357258664946768,0
Kaolack,1995,977361.5261436,721787.9213431,255573.6048006,26.1493417,36835.0,6025.7101073,7.9079812999999985,9.9,7.713333299999999,9.357258664946768,0
Kaolack,1996,996807.0,719572.8872303,277234.1127697,27.8122157,40163.0,6259.2953428,7.9079812999999985,9.9,7.74,9.357258664946768,0
Kaolack,1997,1022078.0,735884.1480405,286193.8519595,28.0011752,37465.5454545,6502.0126346,7.9079812999999985,11.0,7.7666667,9.357258664946768,0
Kaolack,1998,1047877.0,752132.5156549,295744.48434509995,28.223206,37823.3628319,6754.221422,7.9079812999999985,11.3,7.7933333,9.357258664946768,0
Kaolack,1999,1074178.0,759990.29613,314187.70387,29.2491285,37394.3359547,7016.295370399999,7.9079812999999985,11.3352945,7.82,9.357258664946768,0
Kaolack,2000,1100938.0,776816.3191069,324121.6808931,29.4405026,37281.4958038,7288.6229379,7.9079812999999985,11.3780038,7.8466667,9.357258664946768,0
Kolda,1970,386090.8348432,357085.877017,29004.957826200003,7.512469900000001,32772.2737532,8768.075408,7.9079812999999985,8.4,8.1,2787.583503412451,1
Kolda,1971,395743.1057143,365432.9247859001,30310.180928400005,7.6590547,33496.627625700006,9067.7777778,7.9079812999999985,8.4,8.1,2787.583503412451,1
Kolda,1972,405636.6833572,373962.544287,31674.139070200014,7.8084997,34236.2741976,9386.6461833,7.9079812999999985,8.4,8.1,2787.583503412451,1
Kolda,1973,415777.6004411,382678.1251127,33099.4753284,7.9608606,34991.5096732,11100.9980289,7.9079812999999985,8.4,8.1,2787.583503412451,1
Kolda,1974,426172.0404521,391583.088734,34588.9517181,8.1161945,35762.6349567,11445.617248,7.9079812999999985,8.4,8.1,2787.583503412451,1
Kolda,1975,436826.3414634,400680.886918,36145.4545455,8.2745593,36549.955683099986,11799.5543714,7.9079812999999985,8.4,8.1,2787.583503412451,1
Kolda,1976,447747.0,409975.0,37772.0,8.4360141,37353.782246599985,12163.5565008,7.9079812999999985,8.4,8.1,2787.583503412451,1
Kolda,1977,458571.283725,419199.412893,39371.870832,8.5857689,38174.429827099986,12538.8715371,7.9079812999999985,8.4,8.1,2787.583503412451,1
Kolda,1978,469657.2445091,428617.7387161,41039.505793,8.738182199999999,39012.3809524,12926.9921332,7.9079812999999985,8.4,8.1,2787.583503412451,1
Kolda,1979,481011.2083951,438233.43329470005,42777.7751003,8.8933011,39898.3902052,13260.5465089,7.9079812999999985,8.4,8.1,2787.583503412451,1
Kolda,1980,492639.654358,448049.9838155,44589.6705425,9.051173599999998,40803.4453243,13668.9738274,7.9079812999999985,8.4,8.1,2787.583503412451,1
Kolda,1981,504549.2180021,458070.9073741,46478.310628,9.2118487,41726.479778699984,14089.2656872,7.9079812999999985,8.4,8.1,2787.583503412451,1
Kolda,1982,516746.6953473,468299.7493944001,48446.9459529,9.3753761,43174.9512709,14521.6690398,7.9079812999999985,8.3,8.1,2787.583503412451,1
Kolda,1983,529239.0467073,478740.0819116,50498.9647957,9.5418063,44134.6661818,14965.6900963,7.9079812999999985,8.3,8.1,2787.583503412451,1
Kolda,1984,542033.4006614999,489395.50171290006,52637.8989486,9.711191,45110.66776519999,11331.8,7.9079812999999985,8.3,10.0,2787.583503412451,1
Kolda,1985,555137.0581225001,500269.628326,54867.4297965,9.8835826,46106.5596279,13163.0,7.9079812999999985,8.3,9.7,2787.583503412451,1
Kolda,1986,568557.4965026,511366.1018497,57191.3946529,10.0590345,47074.3373494,13737.0,7.9079812999999985,8.3,9.2,2787.583503412451,1
Kolda,1987,582302.3739805,522688.5806157001,59613.7933648,10.2376009,48129.2771084,13737.0,7.9079812999999985,8.3,9.2,2787.583503412451,1
Kolda,1988,596378.0,534239.0,62139.0,10.4193984,49201.686747,17082.0,7.9079812999999985,8.3,8.0,2787.583503412451,1
Kolda,1989,611561.187502,546803.15293,64758.034572,10.5889706,50290.2409639,18638.2666667,7.9079812999999985,8.3,7.5,2787.583503412451,1
Kolda,1990,627126.6428463,546786.7410285999,80339.9018177,12.8107939,51392.5301205,19900.6853446,7.9079812999999985,8.3,7.483983599999997,2787.583503412451,1
Kolda,1991,643058.7952078,559633.2885123,83425.50669550001,12.973231599999998,43580.9,20023.2796531,7.9079812999999985,10.0,7.4675579,2787.583503412451,1
Kolda,1992,659262.5907295,572654.9791849,86607.6115446,13.1370432,47572.0,20614.9384066,7.9079812999999985,10.9,7.450713499999999,2787.583503412451,1
Kolda,1993,675777.1186271999,585881.5671766,89895.5514506,13.302544400000002,54598.0,21324.7140885,7.9079812999999985,9.2,7.4334408,2787.583503412451,1
Kolda,1994,692640.4608455,599345.7532646,93294.7075808,13.4694279,58762.0,6000.0,7.9079812999999985,9.2,9.9,2787.583503412451,1
Kolda,1995,709924.6109054,613094.6348175,96829.9760879,13.6394731,55622.3,6083.0,7.9079812999999985,10.0,9.7,2787.583503412451,1
Kolda,1996,723594.0,623606.649615,99987.350385,13.8181564,59031.23711340001,6083.0,7.9079812999999985,9.7,9.7,2787.583503412451,1
Kolda,1997,741472.0,637748.9864401,103723.0135599,13.9887971,60421.1884483,7383.555555600001,7.9079812999999985,9.7388491,9.0,2787.583503412451,1
Kolda,1998,759708.0,652124.2045167,107583.7954833,14.161203400000002,49636.0574852,7908.390804600002,7.9079812999999985,9.7789394,8.7,2787.583503412451,1
Kolda,1999,778283.0,666714.9067103,111568.0932897,14.3351574,50812.1154794,7862.0981413,7.9079812999999985,9.8203154,8.668829800000001,2787.583503412451,1
Kolda,2000,797165.0,681492.6816021,115672.3183979,14.5104612,52259.534769,9995.2464786,7.9079812999999985,9.8630231,8.6418079,2787.583503412451,1
Louga,1970,368986.31421,331300.2950625,37686.0191475,10.2133921,81682.1,30305.0,7.9079812999999985,10.0,8.7,1.2240648185157774,0
Louga,1971,378210.9720653,338829.0820562,39381.8900091,10.4126778,70283.0,29716.0,7.9079812999999985,10.9,8.5,1.2240648185157774,0
Louga,1972,387666.2463669,346512.17130740004,41154.075059500006,10.615852,83153.0,29716.0,7.9079812999999985,9.0,8.5,1.2240648185157774,0
Louga,1973,397357.9025261,354351.89408890007,43006.0084372,10.8229906,86928.0,34750.125,7.9079812999999985,8.8,8.0,1.2240648185157774,0
Louga,1974,407291.8500892,362350.5712724,44941.27881690001,11.0341709,77852.3,36582.90488430001,7.9079812999999985,10.0,7.78,1.2240648185157774,0
Louga,1975,417474.1463415,370510.5099778,46963.6363636,11.2494718,81785.257732,38364.7579295,7.9079812999999985,9.7,7.7415287,1.2240648185157774,0
Louga,1976,427911.0,378834.0,49077.0,11.4689737,86807.5596886,47593.4957795,7.9079812999999985,9.6945025,7.702186900000001,1.2240648185157774,0
Louga,1977,433051.494843,382297.533753,50753.96109,11.7200753,90466.5155007,49221.7354238,7.9079812999999985,9.6888555,7.661960700000002,1.2240648185157774,0
Louga,1978,438253.7424505,385765.5185101,52488.22394040001,11.9766744,92821.1175304,51143.7333607,7.9079812999999985,9.6830552,7.6208358999999986,1.2240648185157774,0
Louga,1979,443518.4846586,389236.7381061,54281.7465525,12.2388916,95665.4815839,5138.4813346,7.9079812999999985,9.6775554,6.1,1.2240648185157774,0
Louga,1980,448846.4722148,392709.9183826,56136.5538322,12.506849699999998,26234.8025932,5369.712994600001,7.9079812999999985,8.5,6.1,1.2240648185157774,0
Louga,1981,454238.4648855,396183.7250089,58054.7398766,12.7806745,26644.005528,5611.3500794,7.9079812999999985,8.5,6.1,1.2240648185157774,0
Louga,1982,459695.2315642,399656.761226,60038.47033819999,13.0604945,27051.9069834,5863.8608329,7.9079812999999985,8.5,6.1,1.2240648185157774,0
Louga,1983,465217.550381,403127.5655113,62089.98486970001,13.3464408,27457.9404574,6048.4111456,7.9079812999999985,8.5,6.18,1.2240648185157774,0
Louga,1984,470806.2088137,406594.609161,64211.5996527,13.6386476,27861.5006875,6239.8153385,7.9079812999999985,8.5,6.26,1.2240648185157774,0
Louga,1985,476462.0038002,410056.2937874,66405.7100128,13.937252,28261.9415516,6438.3280757,7.9079812999999985,8.5,6.34,1.2240648185157774,0
Louga,1986,482185.7418518,413510.9487279001,68674.7931239,14.242394,28658.5738648,6576.7229463,7.9079812999999985,8.5,6.42,1.2240648185157774,0
Louga,1987,487978.2391687,416956.8283637,71021.41080499999,14.5542168,29050.663066900004,6719.1360132,7.9079812999999985,8.5,6.5,1.2240648185157774,0
Louga,1988,493840.0,420391.0,73449.0,14.8730358,29437.058823500003,6865.6729153,7.9079812999999985,8.5,6.58,1.2240648185157774,0
Louga,1989,499798.67344,423766.839355,76031.83408500001,15.2124922,30800.832677,7016.4427832,7.9079812999999985,8.25,6.66,1.2240648185157774,0
Louga,1990,505718.2889282,415800.204894,89918.0840342,17.780271300000006,31173.213347400004,7171.5583236,7.9079812999999985,8.0625,6.74,1.2240648185157774,0
Louga,1991,511572.48384090007,418862.9841322,92709.4997087,18.1224563,32208.1799249,7331.135906599998,7.9079812999999985,7.921875,6.82,1.2240648185157774,0
Louga,1992,517273.9591733,421697.5687647,95576.3904086,18.4769383,34523.9448443,7495.2956581,7.9079812999999985,7.5,6.9,1.2240648185157774,0
Louga,1993,522841.8960698,424317.0884132,98524.8076566,18.844092,35025.1273965,7664.1615552,7.9079812999999985,7.5,6.98,1.2240648185157774,0
Louga,1994,528294.091362,426729.2319115,101564.8594505,19.225060600000006,35524.618053300015,7837.8615265,7.9079812999999985,7.5,7.06,1.2240648185157774,0
Louga,1995,533803.1421467,429094.5058674,104708.6362793,19.6155901,36019.0566328,8016.5275559,7.9079812999999985,7.5,7.14,1.2240648185157774,0
Louga,1996,535968.0,428557.5732778,107410.4267222,20.0404552,36319.5119274,8200.295791,7.9079812999999985,7.5,7.22,1.2240648185157774,0
Louga,1997,541011.0,430292.3119977,110718.6880023,20.4651454,36810.6037635,8389.3150685,7.9079812999999985,7.5,7.3,1.2240648185157774,0
Louga,1998,545892.0,431768.9479337,114123.0520663,20.9057931,37297.8104275,8710.3825455,7.9079812999999985,7.5,7.3,1.2240648185157774,0
Louga,1999,550585.0,432959.4807775,117625.5192225,21.3637348,37779.3937381,9042.7184811,7.9079812999999985,7.5,7.3,1.2240648185157774,0
Louga,2000,555052.0,433829.9102198,121222.0897802,21.8397717,38253.2154316,9386.3417834,7.9079812999999985,7.5,7.3,1.2240648185157774,0
Saint Louis,1970,452646.3561455,358408.6553525001,94237.700793,20.8192775,50814.076665393215,53530.7914226,7.9079812999999985,9.19114773197281,9.2,15.387235631709377,1
Saint Louis,1971,463962.5150492,365484.1177205,98478.3973287,21.2255073,50814.076665393215,55570.4662066,7.9079812999999985,9.19114773197281,9.2,15.387235631709377,1
Saint Louis,1972,475561.57792540005,372651.6527169,102909.9252084,21.6396635,50814.076665393215,57673.0231906,7.9079812999999985,9.19114773197281,9.2,15.387235631709377,1
Saint Louis,1973,487450.6173735,379909.7455307,107540.8718428,22.0619008,50814.076665393215,59837.6826089,7.9079812999999985,9.19114773197281,9.2,15.387235631709377,1
Saint Louis,1974,499636.8828079,387256.6717321,112380.21107580002,22.492377,50814.076665393215,58824.11111109999,7.9079812999999985,9.19114773197281,9.0,15.387235631709377,1
Saint Louis,1975,512127.804878,394690.4843039,117437.32057419998,22.9312526,50814.076665393215,61819.0,7.9079812999999985,9.19114773197281,9.4,15.387235631709377,1
Saint Louis,1976,524931.0,402209.0,122722.0,23.3786917,50814.076665393215,62383.0,7.9079812999999985,9.19114773197281,8.8,15.387235631709377,1
Saint Louis,1977,535403.898381,408681.529347,126722.369034,23.6685555,50814.076665393215,62383.0,7.9079812999999985,9.19114773197281,8.8,15.387235631709377,1
Saint Louis,1978,546085.7415576,415232.6034602,130853.1380974,23.9620133,50814.076665393215,67392.7777778,7.9079812999999985,9.19114773197281,9.0,15.387235631709377,1
Saint Louis,1979,556980.6981874,421862.1403475,135118.55784000002,24.2591096,50814.076665393215,69677.6404494,7.9079812999999985,9.19114773197281,8.9,15.387235631709377,1
Saint Louis,1980,568093.0200970001,428570.0026271,139523.0174699,24.5598894,50814.076665393215,75915.0069719,7.9079812999999985,9.19114773197281,8.8972381,15.387235631709377,1
Saint Louis,1981,579427.0439409,435355.99467059993,144071.0492703,24.8643985,50814.076665393215,77985.35758099999,7.9079812999999985,9.19114773197281,8.8944005,15.387235631709377,1
Saint Louis,1982,590987.1928946,442219.8596312,148767.33326339998,25.1726831,50814.076665393215,79993.387927,7.9079812999999985,9.19114773197281,8.8914849,15.387235631709377,1
Saint Louis,1983,602777.97838,449161.2763542,153616.70202579998,25.48479,50814.076665393215,82425.36754169999,7.9079812999999985,9.19114773197281,8.888489300000002,15.387235631709377,1
Saint Louis,1984,614804.0018266999,456179.8561649,158624.14566170002,25.80076660000001,50814.076665393215,9977.1112313,7.9079812999999985,9.19114773197281,6.8,15.387235631709377,1
Saint Louis,1985,627069.9564671,463275.1395293,163794.8169379,26.1206609,50814.076665393215,10426.081236700002,7.9079812999999985,9.19114773197281,6.8,15.387235631709377,1
Saint Louis,1986,639580.6291686,470446.592583,169134.0365856,26.4445214,50814.076665393215,10895.2548923,7.9079812999999985,9.19114773197281,6.8,15.387235631709377,1
Saint Louis,1987,652340.9023011,477693.603525,174647.2987762,26.7723974,50814.076665393215,11385.5413625,7.9079812999999985,9.19114773197281,6.8,15.387235631709377,1
Saint Louis,1988,665353.0,485014.0,180339.0,27.1042589,50814.076665393215,11782.3772216,7.9079812999999985,9.19114773197281,6.8666667000000015,15.387235631709377,1
Saint Louis,1989,679342.712178,493175.516376,186167.195802,27.4040175,50814.076665393215,12194.1939639,7.9079812999999985,9.19114773197281,6.9333333,15.387235631709377,1
Saint Louis,1990,693598.7189931,490352.66129440005,203246.0576987,29.303119,50814.076665393215,12621.5714286,7.9079812999999985,9.19114773197281,7.0,15.387235631709377,1
Saint Louis,1991,708098.4002136,498248.1904488,209850.2097648,29.6357413,50814.076665393215,13074.86445,7.9079812999999985,9.19114773197281,7.0666667,15.387235631709377,1
Saint Louis,1992,722730.5455556,506095.2981942,216635.2473615,29.97455260000001,50814.076665393215,13545.6426628,7.9079812999999985,9.19114773197281,7.1333332999999985,15.387235631709377,1
Saint Louis,1993,737534.9580508,513917.5820185,223617.3760323,30.319563,50814.076665393215,14034.5977192,7.9079812999999985,9.19114773197281,7.2,15.387235631709377,1
Saint Louis,1994,752545.269517,521734.42327,230810.846247,30.6706926,50814.076665393215,14542.4492945,7.9079812999999985,9.19114773197281,7.2666667,15.387235631709377,1
Saint Louis,1995,767861.0708422,529618.9705172,238242.1003251,31.0267195,50814.076665393215,15069.946235799998,7.9079812999999985,9.19114773197281,7.3333333,15.387235631709377,1
Saint Louis,1996,779051.0,501513.4989544001,277537.5010456,35.625074700000006,50814.076665393215,15617.8677584,7.9079812999999985,9.19114773197281,7.4,15.387235631709377,1
Saint Louis,1997,794630.0,508539.8551445,286090.1448555,36.0029378,50814.076665393215,16187.0246931,7.9079812999999985,9.19114773197281,7.4666667,15.387235631709377,1
Saint Louis,1998,810403.0,515515.8458405,294887.1541595,36.3877175,50814.076665393215,16778.2607837,7.9079812999999985,9.19114773197281,7.5333333,15.387235631709377,1
Saint Louis,1999,826343.0,522416.0326366,303926.96736340004,36.7797594,50814.076665393215,17392.454039900003,7.9079812999999985,9.19114773197281,7.6,15.387235631709377,1
Saint Louis,2000,842409.0,529206.4023502,261289.0,31.0168813,50814.076665393215,18030.518146,7.9079812999999985,9.19114773197281,7.6666667,15.387235631709377,1
Tambacounda,1970,252656.4309139,221311.6947731,31344.7361408,12.406071,50814.076665393215,40063.57542091164,7.9079812999999985,9.19114773197281,7.9478868372972995,1397.219152134106,0
Tambacounda,1971,258972.8416867,226217.5924196,32755.2492671,12.6481407,50814.076665393215,40063.57542091164,7.9079812999999985,9.19114773197281,7.9478868372972995,1397.219152134106,0
Tambacounda,1972,265447.16272890003,231217.9272448,34229.2354841,12.8949336,50814.076665393215,40063.57542091164,7.9079812999999985,9.19114773197281,7.9478868372972995,1397.219152134106,0
Tambacounda,1973,272083.34179710003,236313.7907162,35769.551080900004,13.1465421,50814.076665393215,40063.57542091164,7.9079812999999985,9.19114773197281,7.9478868372972995,1397.219152134106,0
Tambacounda,1974,278885.4253421,241506.2444625,37379.1808796,13.40306,50814.076665393215,40063.57542091164,7.9079812999999985,9.19114773197281,7.9478868372972995,1397.219152134106,0
Tambacounda,1975,285857.5609756,246796.3169565,39061.2440191,13.6645831,50814.076665393215,40063.57542091164,7.9079812999999985,9.19114773197281,7.9478868372972995,1397.219152134106,0
Tambacounda,1976,293004.0,252185.0,40819.0,13.931209099999998,50814.076665393215,40063.57542091164,7.9079812999999985,9.19114773197281,7.9478868372972995,1397.219152134106,0
Tambacounda,1977,300002.40054,257779.839225,42222.561315,14.0740745,50814.076665393215,40063.57542091164,7.9079812999999985,9.19114773197281,7.9478868372972995,1397.219152134106,0
Tambacounda,1978,307167.9578769,263493.5737911,43674.3840858,14.2184049,50814.076665393215,40063.57542091164,7.9079812999999985,9.19114773197281,7.9478868372972995,1397.219152134106,0
Tambacounda,1979,314504.6645508,269328.5367682,45176.1277826,14.3642155,50814.076665393215,40063.57542091164,7.9079812999999985,9.19114773197281,7.9478868372972995,1397.219152134106,0
Tambacounda,1980,322016.6084636,275287.09952720004,46729.5089364,14.5115214,50814.076665393215,40063.57542091164,7.9079812999999985,9.19114773197281,7.9478868372972995,1397.219152134106,0
Tambacounda,1981,329707.9751567,281371.6720555,48336.3031012,14.660337900000002,50814.076665393215,40063.57542091164,7.9079812999999985,9.19114773197281,7.9478868372972995,1397.219152134106,0
Tambacounda,1982,337583.0501434,287584.70326,49998.3468833,14.8106805,50814.076665393215,40063.57542091164,7.9079812999999985,9.19114773197281,7.9478868372972995,1397.219152134106,0
Tambacounda,1983,345646.221296,293928.68125509995,51717.54004090001,14.9625649,50814.076665393215,40063.57542091164,7.9079812999999985,9.19114773197281,7.9478868372972995,1397.219152134106,0
Tambacounda,1984,353901.9812917001,300406.1336365,53495.8476552,15.1160068,50814.076665393215,40063.57542091164,7.9079812999999985,9.19114773197281,7.9478868372972995,1397.219152134106,0
Tambacounda,1985,362354.9301148,307019.627738,55335.3023768,15.2710224,50814.076665393215,40063.57542091164,7.9079812999999985,9.19114773197281,7.9478868372972995,1397.219152134106,0
Tambacounda,1986,371009.7776206,313771.7708716,57238.00674909999,15.4276276,50814.076665393215,40063.57542091164,7.9079812999999985,9.19114773197281,7.9478868372972995,1397.219152134106,0
Tambacounda,1987,379871.3461591,320665.210548,59206.13561109999,15.5858388,50814.076665393215,40063.57542091164,7.9079812999999985,9.19114773197281,7.9478868372972995,1397.219152134106,0
Tambacounda,1988,388946.0,327704.0,61242.0,15.7456305,50814.076665393215,40063.57542091164,7.9079812999999985,9.19114773197281,7.9478868372972995,1397.219152134106,0
Tambacounda,1989,398732.270306,335146.477724,63585.792582,15.9469893,50814.076665393215,40063.57542091164,7.9079812999999985,9.19114773197281,7.9478868372972995,1397.219152134106,0
Tambacounda,1990,408760.7856365,342748.9407243,66011.8449122,16.1492607,50814.076665393215,40063.57542091164,7.9079812999999985,9.19114773197281,7.9478868372972995,1397.219152134106,0
Tambacounda,1991,419022.7251599,350502.430141,68520.29501880001,16.3524055,50814.076665393215,40063.57542091164,7.9079812999999985,9.19114773197281,7.9478868372972995,1397.219152134106,0
Tambacounda,1992,429454.7149254,358352.0955482,71102.6193772,16.556488199999997,50814.076665393215,40063.57542091164,7.9079812999999985,9.19114773197281,7.9478868372972995,1397.219152134106,0
Tambacounda,1993,440082.4307557,366317.729309,73764.7014467,16.7615647,50814.076665393215,40063.57542091164,7.9079812999999985,9.19114773197281,7.9478868372972995,1397.219152134106,0
Tambacounda,1994,450930.4626738,374418.5424512,76511.9202227,16.9675652,50814.076665393215,40063.57542091164,7.9079812999999985,9.19114773197281,7.9478868372972995,1397.219152134106,0
Tambacounda,1995,462045.8985787,382684.4449112,79361.4536675,17.1760974,50814.076665393215,40063.57542091164,7.9079812999999985,9.19114773197281,7.9478868372972995,1397.219152134106,0
Tambacounda,1996,470800.0,390717.0,80083.0,17.2,50814.076665393215,40063.57542091164,7.9079812999999985,9.19114773197281,7.9478868372972995,1397.219152134106,0
Tambacounda,1997,482287.0,399473.0,82814.0,17.1711035,50814.076665393215,40063.57542091164,7.9079812999999985,9.19114773197281,7.9478868372972995,1397.219152134106,0
Tambacounda,1998,493999.0,408374.0,85625.0,17.333031,50814.076665393215,40063.57542091164,7.9079812999999985,9.19114773197281,7.9478868372972995,1397.219152134106,0
Tambacounda,1999,505924.0,417409.0,88515.0,17.4957108,50814.076665393215,40063.57542091164,7.9079812999999985,9.19114773197281,7.9478868372972995,1397.219152134106,0
Tambacounda,2000,518040.0,426558.0,91482.0,17.659254100000005,50814.076665393215,40063.57542091164,7.9079812999999985,9.19114773197281,7.9478868372972995,1397.219152134106,0
Thies,1970,593967.3272109,440614.7087981,153352.6184128,25.8183593,50814.076665393215,40063.57542091164,7.9079812999999985,9.19114773197281,7.9478868372972995,4.848787940979004,0
Thies,1971,608816.5103912,448563.0241498,160253.4862414,26.3221321,50814.076665393215,40063.57542091164,7.9079812999999985,9.19114773197281,7.9478868372972995,4.848787940979004,0
Thies,1972,624036.923151,456572.0300287,167464.89312229998,26.8357347,50814.076665393215,40063.57542091164,7.9079812999999985,9.19114773197281,7.9478868372972995,4.848787940979004,0
Thies,1973,639637.8462297,464637.032917,175000.8133128,27.3593588,50814.076665393215,40063.57542091164,7.9079812999999985,9.19114773197281,7.9478868372972995,4.848787940979004,0
Thies,1974,655628.7923854999,472752.9424736,182875.8499119,27.89319990000001,50814.076665393215,40063.57542091164,7.9079812999999985,9.19114773197281,7.9478868372972995,4.848787940979004,0
Thies,1975,672019.5121951001,480914.2490372,191105.2631579,28.4374575,50814.076665393215,40063.57542091164,7.9079812999999985,9.19114773197281,7.9478868372972995,4.848787940979004,0
Thies,1976,688820.0,489115.0,199705.0,28.9923347,50814.076665393215,40063.57542091164,7.9079812999999985,9.19114773197281,7.9478868372972995,4.848787940979004,0
Thies,1977,707422.27292,499630.618355,207791.654565,29.3730721,50814.076665393215,40063.57542091164,7.9079812999999985,9.19114773197281,7.9478868372972995,4.848787940979004,0
Thies,1978,726526.9188225,510321.1567892,216205.7620333,29.7588095,50814.076665393215,40063.57542091164,7.9079812999999985,9.19114773197281,7.9478868372972995,4.848787940979004,0
Thies,1979,746147.5047921998,521186.9228369001,224960.5819553,30.1496126,50814.076665393215,40063.57542091164,7.9079812999999985,9.19114773197281,7.9478868372972995,4.848787940979004,0
Thies,1980,766297.9643066,532228.0535062001,234069.9108004,30.5455478,50814.076665393215,40063.57542091164,7.9079812999999985,9.19114773197281,7.9478868372972995,4.848787940979004,0
Thies,1981,786992.6071306998,543444.5034322,243548.1036985,30.9466825,50814.076665393215,40063.57542091164,7.9079812999999985,9.19114773197281,7.9478868372972995,4.848787940979004,0
Thies,1982,808246.1294789,554836.0324173,253410.0970615,31.3530851,50814.076665393215,40063.57542091164,7.9079812999999985,9.19114773197281,7.9478868372972995,4.848787940979004,0
Thies,1983,830073.6244516,566402.1923297,263671.4321218,31.764824800000003,50814.076665393215,40063.57542091164,7.9079812999999985,9.19114773197281,7.9478868372972995,4.848787940979004,0
Thies,1984,852490.5927535,578142.3133306999,274348.27942279994,32.1819715,50814.076665393215,40063.57542091164,7.9079812999999985,9.19114773197281,7.9478868372972995,4.848787940979004,0
Thies,1985,875512.9537014,590055.4894,285457.4643014001,32.6045963,50814.076665393215,40063.57542091164,7.9079812999999985,9.19114773197281,7.9478868372972995,4.848787940979004,0
Thies,1986,899157.0565291,602140.5631257,297016.4934034001,33.0327712,50814.076665393215,40063.57542091164,7.9079812999999985,9.19114773197281,7.9478868372972995,4.848787940979004,0
Thies,1987,923439.6919977,614396.1097269,309043.5822708,33.4665691,50814.076665393215,40063.57542091164,7.9079812999999985,9.19114773197281,7.9478868372972995,4.848787940979004,0
Thies,1988,948378.0,626818.0,321560.0,33.9063116,50814.076665393215,40063.57542091164,7.9079812999999985,9.19114773197281,7.9478868372972995,4.848787940979004,0
Thies,1989,975229.426314,640546.241154,334683.18516,34.31840510000001,50814.076665393215,40063.57542091164,7.9079812999999985,9.19114773197281,7.9478868372972995,4.848787940979004,0
Thies,1990,1002837.1961435,643110.1636797,359727.0324638,35.8709304,50814.076665393215,40063.57542091164,7.9079812999999985,9.19114773197281,7.9478868372972995,4.848787940979004,0
Thies,1991,1031183.3923297,657019.0881202,374164.3042095,36.2849428,50814.076665393215,40063.57542091164,7.9079812999999985,9.19114773197281,7.9478868372972995,4.848787940979004,0
Thies,1992,1060119.4295019002,671071.8816616,389047.5478402,36.6984641,50814.076665393215,40063.57542091164,7.9079812999999985,9.19114773197281,7.9478868372972995,4.848787940979004,0
Thies,1993,1089712.6633764,685302.3613051999,404410.3020712,37.1116456,50814.076665393215,40063.57542091164,7.9079812999999985,9.19114773197281,7.9478868372972995,4.848787940979004,0
Thies,1994,1120031.7388095,699747.5324566,420284.206353,37.5243122,50814.076665393215,40063.57542091164,7.9079812999999985,9.19114773197281,7.9478868372972995,4.848787940979004,0
Thies,1995,1151194.3818783998,714412.3080118,436782.0738666,37.941644,50814.076665393215,40063.57542091164,7.9079812999999985,9.19114773197281,7.9478868372972995,4.848787940979004,0
Thies,1996,1176654.0,702352.2029149,474301.7970851,40.3093685,50814.076665393215,40063.57542091164,7.9079812999999985,9.19114773197281,7.9478868372972995,4.848787940979004,0
Thies,1997,1209110.0,716626.7189116002,492483.2810884,40.7310568,50814.076665393215,40063.57542091164,7.9079812999999985,9.19114773197281,7.9478868372972995,4.848787940979004,0
Thies,1998,1242329.0,731080.7108989,511248.2891011,41.152407200000006,50814.076665393215,40063.57542091164,7.9079812999999985,9.19114773197281,7.9478868372972995,4.848787940979004,0
Thies,1999,1276286.0,745694.1866466998,530591.8133533,41.5731124,50814.076665393215,40063.57542091164,7.9079812999999985,9.19114773197281,7.9478868372972995,4.848787940979004,0
Thies,2000,1310933.0,760426.3199986,550506.6800014,41.9935023,50814.076665393215,40063.57542091164,7.9079812999999985,9.19114773197281,7.9478868372972995,4.848787940979004,0
Ziguinchor,1970,256454.8486084,188610.4922358,67844.3563726,26.4546983,50814.076665393215,40063.57542091164,7.9079812999999985,9.19114773197281,7.9478868372972995,1252.073933855796,1
Ziguinchor,1971,262866.2198237,191968.8674143,70897.3524094,26.9708875,50814.076665393215,40063.57542091164,7.9079812999999985,9.19114773197281,7.9478868372972995,1252.073933855796,1
Ziguinchor,1972,269437.8753192,195350.1420514,74087.7332678,27.4971487,50814.076665393215,40063.57542091164,7.9079812999999985,9.19114773197281,7.9478868372972995,1252.073933855796,1
Ziguinchor,1973,276173.8222022,198752.1409374,77421.68126489999,28.0336784,50814.076665393215,40063.57542091164,7.9079812999999985,9.19114773197281,7.9478868372972995,1252.073933855796,1
Ziguinchor,1974,283078.1677573,202172.5108355,80905.65692180001,28.580677,50814.076665393215,40063.57542091164,7.9079812999999985,9.19114773197281,7.9478868372972995,1252.073933855796,1
Ziguinchor,1975,290155.1219512,205608.710468,84546.4114833,29.13834880000001,50814.076665393215,40063.57542091164,7.9079812999999985,9.19114773197281,7.9478868372972995,1252.073933855796,1
Ziguinchor,1976,297409.0,209058.0,88351.0,29.7069019,50814.076665393215,40063.57542091164,7.9079812999999985,9.19114773197281,7.9478868372972995,1252.073933855796,1
Ziguinchor,1977,304934.042518,212538.333738,92395.70878,30.3002276,50814.076665393215,40063.57542091164,7.9079812999999985,9.19114773197281,7.9478868372972995,1252.073933855796,1
Ziguinchor,1978,312649.4836618,216023.8993338,96625.5843279,30.9054035,50814.076665393215,40063.57542091164,7.9079812999999985,9.19114773197281,7.9478868372972995,1252.073933855796,1
Ziguinchor,1979,320560.14089740004,219511.0373189,101049.1035785,31.5226663,50814.076665393215,40063.57542091164,7.9079812999999985,9.19114773197281,7.9478868372972995,1252.073933855796,1
Ziguinchor,1980,328670.95358240005,222995.8220421,105675.1315403,32.1522576,50814.076665393215,40063.57542091164,7.9079812999999985,9.19114773197281,7.9478868372972995,1252.073933855796,1
Ziguinchor,1981,336986.9860499,226474.04698770004,110512.9390622,32.7944234,50814.076665393215,40063.57542091164,7.9079812999999985,9.19114773197281,7.9478868372972995,1252.073933855796,1
Ziguinchor,1982,345513.430771,229941.2093585,115572.2214125,33.449415,50814.076665393215,40063.57542091164,7.9079812999999985,9.19114773197281,7.9478868372972995,1252.073933855796,1
Ziguinchor,1983,354255.6115963,233392.4938876,120863.1177088,34.1174885,50814.076665393215,40063.57542091164,7.9079812999999985,9.19114773197281,7.9478868372972995,1252.073933855796,1
Ziguinchor,1984,363218.9870809,236822.7558435,126396.2312375,34.798905299999994,50814.076665393215,40063.57542091164,7.9079812999999985,9.19114773197281,7.9478868372972995,1252.073933855796,1
Ziguinchor,1985,372409.1538921,240226.5031886,132182.6507035,35.49393170000001,50814.076665393215,40063.57542091164,7.9079812999999985,9.19114773197281,7.9478868372972995,1252.073933855796,1
Ziguinchor,1986,381831.8503038,243597.87785110003,138233.97245270002,36.2028396,50814.076665393215,40063.57542091164,7.9079812999999985,9.19114773197281,7.9478868372972995,1252.073933855796,1
Ziguinchor,1987,391492.9597802,246930.6360686,144562.3237116,36.9259064,50814.076665393215,40063.57542091164,7.9079812999999985,9.19114773197281,7.9478868372972995,1252.073933855796,1
Ziguinchor,1988,401396.0,250215.0,151181.0,37.6638033,50814.076665393215,40063.57542091164,7.9079812999999985,9.19114773197281,7.9478868372972995,1252.073933855796,1
Ziguinchor,1989,412075.14058,254106.869585,157968.270995,38.3348218,50814.076665393215,40063.57542091164,7.9079812999999985,9.19114773197281,7.9478868372972995,1252.073933855796,1
Ziguinchor,1990,423036.7513946,251334.0326136,171702.7187809,40.5881329,50814.076665393215,40063.57542091164,7.9079812999999985,9.19114773197281,7.9478868372972995,1252.073933855796,1
Ziguinchor,1991,434271.7614381,255149.1753426,179122.58609549995,41.2466575,50814.076665393215,40063.57542091164,7.9079812999999985,9.19114773197281,7.9478868372972995,1252.073933855796,1
Ziguinchor,1992,445716.12516730005,258929.586332,186786.5388353,41.9070633,50814.076665393215,40063.57542091164,7.9079812999999985,9.19114773197281,7.9478868372972995,1252.073933855796,1
Ziguinchor,1993,457397.4533757,262688.455474,194708.9979016,42.5688854,50814.076665393215,40063.57542091164,7.9079812999999985,9.19114773197281,7.9478868372972995,1252.073933855796,1
Ziguinchor,1994,469342.3878705999,266434.6353995,202907.7524711,43.2323518,50814.076665393215,40063.57542091164,7.9079812999999985,9.19114773197281,7.9478868372972995,1252.073933855796,1
Ziguinchor,1995,481599.2643298,270142.9247462,211456.3395837,43.9071143,50814.076665393215,40063.57542091164,7.9079812999999985,9.19114773197281,7.9478868372972995,1252.073933855796,1
Ziguinchor,1996,491434.0,272396.33945549995,219037.6605445,44.57112460000001,50814.076665393215,40063.57542091164,7.9079812999999985,9.19114773197281,7.9478868372972995,1252.073933855796,1
Ziguinchor,1997,504150.0,276079.5282263,228070.4717738,45.2386139,50814.076665393215,40063.57542091164,7.9079812999999985,9.19114773197281,7.9478868372972995,1252.073933855796,1
Ziguinchor,1998,517141.0,279733.5782061,237407.4217939,45.9076774,50814.076665393215,40063.57542091164,7.9079812999999985,9.19114773197281,7.9478868372972995,1252.073933855796,1
Ziguinchor,1999,530393.0,283345.4530356,247047.5469644,46.5782065,50814.076665393215,40063.57542091164,7.9079812999999985,9.19114773197281,7.9478868372972995,1252.073933855796,1
Ziguinchor,2000,543886.0,286899.1157372,256986.8842628,47.2501378,50814.076665393215,40063.57542091164,7.9079812999999985,9.19114773197281,7.9478868372972995,1252.073933855796,1
Dakar,2001,2411529.0,81293.0,2330236.0,96.6289852,8129.3,291279.5,8.0,10.0,8.0,3.711570925903321,1
Dakar,2002,2267356.0,74986.0,2192370.0,96.6927999,6692.0,287111.0,7.5,9.3,7.5,0.07447080688476562,1
Dakar,2003,2268542.0,77282.0,2191260.0,96.5933185,8290.0,294261.0,7.5,9.0453559,7.4504267,3.711570925903321,1
Dakar,2004,2399451.0,79349.0,2320102.0,96.6930352,8817.0,311423.0872483,7.5,9.0,7.45,0.0744604736328125,1
Dakar,2005,2452656.0,81106.0,2371550.0,96.6931359,8118.718718699999,296443.75,8.05,9.99,8.0,3.711570925903321,1
Dakar,2006,2508311.0,82943.0,2425368.0,96.6932729,8099.902343800001,296862.6682987,7.78,10.24,8.17,3.711570925903321,1
Dakar,2007,2428155.0,79950.90420710001,2348204.0957929003,96.7073393,7800.6979881,301083.3993927,7.799181599999999,10.249198800000002,7.799181599999999,0.07447554931640625,1
Dakar,2008,2482294.0,69079.0,2413215.0,97.2171306,6716.6849521,308716.8090078,7.8169213000000015,10.2846866,7.8169213000000015,0.14894259643554686,1
Dakar,2009,2536959.0,70600.0,2466359.0,97.2171407,6838.574720899999,314860.2439244001,7.833186500000001,10.3237886,7.833186500000001,3.711570925903321,1
Dakar,2010,2592191.0,72137.0,2520054.0,97.22,6958.5545165,321110.0920315,7.8479439,10.3666645,7.8479439,3.711570925903321,1
Dakar,2013,3137196.0,110880.0,3026316.0,96.4656336422716,55003.9325843,10098.607983,7.9079812999999985,8.9,6.9,3.5733254699707033,1
Dakar,2014,3233460.0,116405.0,3117055.0,96.39998639228571,56751.6057247,10553.0453423,7.9079812999999985,8.9,6.9,7.295835028076173,1
Dakar,2015,3330692.0,119905.0,3210787.0,96.3999973579064,58553.9254969,11027.9323827,7.9079812999999985,8.9,6.9,6.626440618896485,1
Dakar,2016,3429370.0,123457.0,3305913.0,96.40000933115999,60410.0659962,11524.189339899998,7.9079812999999985,8.9,6.9,6.776076184082031,1
Dakar,2017,3529300.0,127054.0,3402246.0,96.40002266738449,61619.5545,11859.4434684,7.9079812999999985,9.0,7.0066667,8.486653686523443,1
Dakar,2018,3630324.0,130693.0,3499631.0,96.39996319887699,63549.814214,12207.2797227,7.9079812999999985,9.0,7.1133333,15.561970806884764,1
Diourbel,2001,930007.0,725240.0,204767.0,22.0177913,56522.8067041,18382.0887009,7.9079812999999985,8.8,10.1593268,0.7440928100585937,0
Diourbel,2002,1049954.0,881596.0,168358.0,16.0347977,57275.1142955,19282.2009045,7.9079812999999985,8.8,10.216987199999998,0.3721973327636719,0
Diourbel,2003,1076874.0,906727.908,170146.092,15.8,58058.8451383,19789.174391900004,7.9079812999999985,8.8,10.2729399,0.18612117401123046,0
Diourbel,2004,1144009.0,965208.0,178801.0,15.6293351,58833.4644127,20190.060445500007,7.9079812999999985,8.8,10.3871408,0.0745184326171875,0
Diourbel,2005,1183095.0,1000893.0,182202.0,15.4004539,61920.88888890001,4364.556489399999,7.9079812999999985,9.0,6.6,0.18612117401123046,0
Diourbel,2006,1226379.0,1039821.0,186558.0,15.2121,53697.0,4560.961531399998,7.9079812999999985,10.1,6.6,0.5952291015625,0
Diourbel,2007,1234755.0,1048005.3533741,186749.6466259,15.1244293,60595.0,4766.2048003,7.9079812999999985,8.8,6.6,0.5214674499511719,0
Diourbel,2008,1274494.0,1077488.0,197006.0,15.4575855,63903.0,4980.6840164,7.9079812999999985,8.8,6.6,0.14905218505859374,0
Diourbel,2009,1315200.0,1111907.0,203293.0,15.4571928,63352.4444444,5132.2376983,7.9079812999999985,9.0,6.6933333,0.5209385803222656,0
Diourbel,2010,1356796.0,1147079.0,209717.0,15.46,66695.4022989,5289.4313834,7.9079812999999985,8.7,6.7866667000000005,0.18612117401123046,0
Diourbel,2013,1497455.0,1257585.0,239870.0,16.0185114076884,71699.4049247,5452.4709302,7.9079812999999985,8.6972385,6.88,0.14897252197265626,0
Diourbel,2014,1543647.0,1295120.0,248527.0,16.0999891814644,65500.4279304,5549.76503,7.9079812999999985,8.694401199999998,6.9733333,0.22353839111328125,0
Diourbel,2015,1591593.0,1335347.0,256246.0,16.0999702813471,69090.02615189999,5649.8073562,7.9079812999999985,8.691486099999999,7.0666667,0.2979869079589844,0
Diourbel,2016,1641350.0,1375451.0,265899.0,16.2000182776373,69303.6382661,5752.656575600001,7.9079812999999985,8.688721300000001,7.16,0.18612117401123046,0
Diourbel,2017,1692967.0,1418707.0,274260.0,16.1999613695955,51775.0832245,5858.373526199999,7.9079812999999985,10.2,7.253333299999999,0.18612117401123046,0
Diourbel,2018,1746496.0,1463564.0,282932.0,16.1999798453589,52929.9543271,5967.0212416999975,7.9079812999999985,10.2,7.3466667,0.18612117401123046,0
Fatick,2001,639075.0,557288.0,81787.0,12.7977154,61492.7741901,15308.6057458,7.9079812999999985,8.5,6.9,18.735582104516133,0
Fatick,2002,613000.0,535706.0,77294.0,12.6091354,62851.64705880001,15997.4930043,7.9079812999999985,8.5,6.9,63.359497296190476,0
Fatick,2003,629036.0,549148.428,79887.572,12.7,64329.78269759999,16525.7769782,7.9079812999999985,8.5,6.98,29.814552911376953,0
Fatick,2004,643505.0,562346.0,81159.0,12.6120232,64327.8518857,17073.7492715,7.9079812999999985,8.5,7.06,24.174000196413534,0
Fatick,2005,652361.0,570172.0,82189.0,12.5986992,65839.2104132,17642.1568627,7.9079812999999985,8.5,7.14,10.440166922415939,0
Fatick,2006,663867.0,580250.0,83617.0,12.5954446,67371.1740218,18038.2926801,7.9079812999999985,8.5,7.22,25.85764913942823,0
Fatick,2007,714750.0,623586.8251915,91163.1748085,12.754554,68927.2431973,18445.587939,7.9079812999999985,8.5,7.3,71.38157358072922,0
Fatick,2008,685044.0,569487.0,89993.0,13.1368204,70511.26509,18864.345275,7.9079812999999985,8.5,7.38,114.56663131103504,0
Fatick,2009,722343.0,600495.0,94891.0,13.136557,72128.7805668,19294.8766686,7.9079812999999985,8.5,7.46,17.978551907911115,0
Fatick,2010,724345.0,602160.0,95155.0,13.14,73365.48819,19737.503698400003,7.9079812999999985,8.5,7.54,13.312160943603516,0
Fatick,2013,714392.0,603903.0,110489.0,15.466158635594999,75029.29252239999,20192.5578037,7.9079812999999985,8.5,7.62,23.4871720336914,0
Fatick,2014,737487.0,617277.0,120210.0,16.2999483380724,76720.494649,20660.3805563,7.9079812999999985,8.5,7.7,62.775850738597185,0
Fatick,2015,761710.0,636028.0,125682.0,16.4999803074661,78437.0478483,21141.3239421,7.9079812999999985,8.5,7.78,46.433193365502554,0
Fatick,2016,787037.0,655601.0,131436.0,16.700104315299,80175.6096003,21635.7506519,7.9079812999999985,8.5,7.86,11.292042523193356,0
Fatick,2017,813542.0,676053.0,137489.0,16.9000494135521,79204.2222222,22144.0343826,7.9079812999999985,9.0,7.94,11.144487145996095,0
Fatick,2018,841294.0,697433.0,143861.0,17.099967431124,64708.0,22666.5601488,7.9079812999999985,11.2,8.02,11.816964221191403,0
Kaffrine,2008,526442.0,463601.0,62841.0,11.9369275,68363.0,23203.7037037,7.9079812999999985,10.8,8.1,0.14953840942382812,0
Kaffrine,2009,540733.0,476188.0,64545.0,11.936575,71925.0,24099.9467593,7.9079812999999985,10.8,8.1,1.1206782348632813,0
Kaffrine,2010,558041.0,491432.0,66609.0,11.94,72075.0909091,26334.9297198,7.9079812999999985,11.0,8.1,0.4480682739257813,0
Kaffrine,2013,566992.0,481115.0,85877.0,15.146069080339801,74276.3302752,27315.4873049,7.9079812999999985,10.9,8.1,22.169591668701177,0
Kaffrine,2014,587946.0,492699.0,95247.0,16.1999571389209,74395.1836738,29041.9441897,7.9079812999999985,10.9755605,7.9,1.8658888732910155,0
Kaffrine,2015,609638.0,508438.0,101200.0,16.600015090922803,40533.3358004,30108.715672,7.9079812999999985,11.0537658,7.9,0.5973740234375,0
Kaffrine,2016,632023.0,524579.0,107444.0,17.0000142399881,41329.3580286,31209.4694669,7.9079812999999985,11.1347241,7.9,1.739515536193848,0
Kaffrine,2017,655121.0,541130.0,113991.0,17.3999917572479,42338.6295083,32351.0892153,7.9079812999999985,11.2185492,7.9,1.739515536193848,0
Kaffrine,2018,678955.0,558101.0,120854.0,17.800001472851697,47529.9941067,35092.925667100004,7.9079812999999985,8.7,7.9,1.739515536193848,0
Kaolack,2001,1128128.0,839411.0,288717.0,25.59257460000001,38183.01838530001,7571.6079634000025,7.9079812999999985,11.4220672,7.8733333,4.03542113647461,0
Kaolack,2002,1066375.0,815990.0,250385.0,23.4800141,39396.9064399,7865.6962025,7.9079812999999985,11.4340196,7.9,62.86628368953938,0
Kaolack,2003,1075770.0,822964.05,252805.95,23.5,55748.73563220001,8197.2195661,7.9079812999999985,8.7,7.9,1.1957304382324219,0
Kaolack,2004,1114292.0,854034.0,260258.0,23.3563554,56686.8409628,10169.607825,7.9079812999999985,8.7,7.9,3.257975092534084,0
Kaolack,2005,1132707.0,868756.0,263951.0,23.3026723,56362.3748614,8897.171123,7.9079812999999985,8.7,7.9,0.8977221008300781,0
Kaolack,2006,1151994.0,884171.0,267823.0,23.2486454,57269.9069481,10962.9888031,7.9079812999999985,8.7,7.9,2.541991394042969,0
Kaolack,2007,1232323.0,943961.1791055,288361.8208945,23.3998571,58171.8733557,11379.1837279,7.9079812999999985,8.7,7.9,6.705023609260108,0
Kaolack,2008,750853.0,513045.0,237808.0,31.671712,59070.98643890001,11809.4566558,7.9079812999999985,8.7,7.9,4.7081005554199225,0
Kaolack,2009,771227.0,526971.0,244256.0,31.6710904,59969.4739391,12256.9589985,7.9079812999999985,8.7,7.9,6.58234263305664,0
Kaolack,2010,795906.0,543839.0,252067.0,31.67,60875.7437376,12656.626631,7.9079812999999985,8.7,7.9,3.142192553710937,0
Kaolack,2013,960875.0,622115.0,338760.0,35.255366202679895,57645.2297649,13129.4953873,7.9079812999999985,8.7,7.9,20.34269414672854,0
Kaolack,2014,990748.0,635070.0,355678.0,35.899946303197204,58452.8569132,13618.2019599,7.9079812999999985,8.7,7.9,18.327228924560544,0
Kaolack,2015,1021656.0,650795.0,370861.0,36.2999874713211,59254.6949242,14122.5434544,7.9079812999999985,8.7,7.9,6.732812719726563,0
Kaolack,2016,1053535.0,666887.0,386648.0,36.7000621716412,60047.81984330001,14642.06562,7.9079812999999985,8.7,7.9,0.4486161865234375,0
Kaolack,2017,1086464.0,683386.0,403078.0,37.09998674599429,60828.3221092,12936.625,7.9079812999999985,8.7,8.0,0.07477611083984376,0
Kaolack,2018,1120404.0,700253.0,420151.0,37.4999553732404,58918.4,12191.0,7.9079812999999985,10.0,9.1,7.857227347668221,0
Kedougou,2008,122333.0,102279.0,20054.0,16.392960199999994,49964.0,12391.0,7.9079812999999985,9.0,8.9,163.6254315909593,1
Kedougou,2009,125763.0,105147.0,20616.0,16.3927387,50548.0,12391.0,7.9079812999999985,8.7,8.9,402.7253219940544,1
Kedougou,2010,129908.0,108613.0,21295.0,16.39,53814.0,14959.625,7.9079812999999985,8.7,8.0,244.4448328803806,1
Kedougou,2013,151357.0,113829.0,37528.0,24.794360353336806,54038.4444444,15896.3636364,7.9079812999999985,9.0,7.7,926.3293489030424,1
Kedougou,2014,156352.0,115701.0,40651.0,25.9996674171101,55932.33333330001,16328.4619564,7.9079812999999985,9.0,7.6966931,1065.0223622723272,1
Kedougou,2015,161532.0,119210.0,42322.0,26.200381348587303,56925.3816555,15814.938529100002,7.9079812999999985,9.0084794,7.6932958,539.2423450660857,1
Kedougou,2016,166907.0,122677.0,44230.0,26.499787306703702,52596.1342816,16251.1258494,7.9079812999999985,9.0172026,7.6898057,858.9223956570736,1
Kedougou,2017,172482.0,126257.0,46225.0,26.7998979603669,54056.4406222,16781.0699065,7.9079812999999985,9.026177,7.6862203,914.1455190907677,1
Kedougou,2018,178269.0,130136.0,48133.0,27.0002075515092,55807.318507,8478.3695215,7.9079812999999985,9.0354099,8.1,621.339393050274,1
Kolda,2001,816331.0,712838.0,103493.0,12.6778231,59601.5645859,10310.1613855,7.9079812999999985,9.9,8.614123199999998,1363.6360786651253,1
Kolda,2002,847243.0,736628.0,110615.0,13.0558765,60822.2791036,10662.4589829,7.9079812999999985,9.9,8.6036439,6708.690271265011,1
Kolda,2003,864018.0,749967.6240000002,114050.376,13.2,62060.21310369999,19391.2903226,7.9079812999999985,9.9,9.3,1025.090478979611,1
Kolda,2004,893867.0,776794.0,117073.0,13.097362400000002,63314.9494949,20017.9780432,7.9079812999999985,9.9,9.3,795.8140080271278,1
Kolda,2005,912503.0,792826.0,119677.0,13.1152446,64701.6405206,21854.4148063,7.9079812999999985,9.9,9.3,12172.031824422935,1
Kolda,2006,932014.0,809612.0,122402.0,13.1330645,64960.6225939,22564.5386844,7.9079812999999985,9.9,9.3,2723.797541189394,1
Kolda,2007,942204.0,816528.8397836,125675.1602164,13.3384235,66365.5644566,23294.1126195,7.9079812999999985,9.9,9.3,6579.936520091598,1
Kolda,2008,569715.0,448046.0,121669.0,21.3561167,72158.26684530001,24044.8791433,7.9079812999999985,9.3,9.3,276.58110027633387,1
Kolda,2009,585159.0,460191.0,124968.0,21.3562468,73688.42594680001,24818.3705642,7.9079812999999985,9.3,9.3,3831.8708298689526,1
Kolda,2010,603961.0,474978.0,128983.0,21.36,75241.67015660001,25617.4301425,7.9079812999999985,9.3,9.3,2053.1394413252256,1
Kolda,2013,662455.0,492818.0,169637.0,25.6073242710826,76818.52774319999,29842.742047900014,7.9079812999999985,9.3,9.3,3762.7118634484955,1
Kolda,2014,682687.0,501775.0,180912.0,26.4999919435993,75521.7422489,30762.3811673,7.9079812999999985,9.3,9.3,1018.178547317804,1
Kolda,2015,703774.0,513755.0,190019.0,27.0000028418214,77056.6364421,31708.2961462,7.9079812999999985,9.3,9.3,485.98616537324796,1
Kolda,2016,725690.0,526851.0,198839.0,27.399991732006804,78610.82912889999,32680.3190713,7.9079812999999985,9.3,9.3,633.7212176182402,1
Kolda,2017,748451.0,539633.0,208818.0,27.9000228471871,80182.17060720001,28095.5913978,7.9079812999999985,9.3,9.3,777.9380338809034,1
Kolda,2018,772073.0,552805.0,219268.0,28.3999051903123,81766.27096760001,29932.1111111,7.9079812999999985,9.3,9.0,392.2121328492168,1
Louga,2001,559268.0,445950.0,113318.0,20.2618423,42633.1428571,10304.727446,7.9079812999999985,7.0,6.9,3.7830572753906244,0
Louga,2002,677513.0,551260.0,126253.0,18.6347716,29545.0,10690.5364415,7.9079812999999985,7.6,6.9,2.8977413452148433,0
Louga,2003,686856.0,558413.928,128442.072,18.7,34399.0,11088.6840902,7.9079812999999985,7.1854705,6.9,0.0743853515625,0
Louga,2004,714732.0,581069.0,133663.0,18.7011355,35264.0,11501.659951799998,7.9079812999999985,7.2,6.9,0.22305435180664063,0
Louga,2005,729606.0,592950.0,136656.0,18.7301091,33121.375,11606.2318841,7.9079812999999985,8.0,6.9,1.038251055908203,0
Louga,2006,745177.0,605390.0,139787.0,18.7588989,32905.1597052,12002.0289855,7.9079812999999985,8.14,6.9,3.0430559265136723,0
Louga,2007,780655.0,631718.5977321999,148936.4022678,19.0783896,46376.618472,12409.4202899,7.9079812999999985,8.130220699999999,6.9,0.29619514160156246,0
Louga,2008,809265.0,659740.0,149525.0,18.4766424,44204.1816732,12828.2608696,7.9079812999999985,8.120182000000002,6.9,0.14834918823242188,0
Louga,2009,831309.0,677713.0,153596.0,18.4764029,45249.0197073,13258.2608696,7.9079812999999985,8.1098774,6.9,0.07432490234375,0
Louga,2010,857944.0,699428.0,158516.0,18.48,46546.3676714,13503.428571399998,7.9079812999999985,8.099300099999999,7.0,1.0870421627807618,0
Louga,2013,874193.0,684511.0,189682.0,21.697954570672607,50814.076665393215,12829.0,7.9079812999999985,9.19114773197281,8.3,2.150443225097656,0
Louga,2014,898732.0,698315.0,200417.0,22.299973740781496,50814.076665393215,12833.0,7.9079812999999985,9.19114773197281,8.0,1.9276293518066407,0
Louga,2015,924050.0,715214.0,208836.0,22.6000757534765,50814.076665393215,12833.0,7.9079812999999985,9.19114773197281,8.0,0.1481176025390625,0
Louga,2016,950102.0,732529.0,217573.0,22.8999623198351,50814.076665393215,14108.5,7.9079812999999985,9.19114773197281,8.0,1.0870421627807618,0
Louga,2017,976885.0,751225.0,225660.0,23.0999554707054,50814.076665393215,14696.0759494,7.9079812999999985,9.19114773197281,7.9,0.5193058898925781,0
Louga,2018,1004401.0,769371.0,235030.0,23.4000165272635,50814.076665393215,15185.8001997,7.9079812999999985,9.19114773197281,7.9375577,1.0870421627807618,0
Matam,2002,423041.0,364027.0,59014.0,13.9499481,50814.076665393215,16012.391720200005,7.9079812999999985,9.19114773197281,7.973699499999999,0.594959619140625,0
Matam,2003,441371.0,380461.802,60909.198,13.8,50814.076665393215,16389.8081373,7.9079812999999985,9.19114773197281,8.0083915,0.2562989096069336,0
Matam,2004,461836.0,397616.0,64220.0,13.905369,50814.076665393215,16859.955366,7.9079812999999985,9.19114773197281,8.041599,0.2562989096069336,0
Matam,2005,478573.0,412121.0,66452.0,13.885446900000002,50814.076665393215,31717.4960335,7.9079812999999985,9.19114773197281,9.0,0.2562989096069336,0
Matam,2006,496207.0,427404.0,68803.0,13.8657859,50814.076665393215,33001.8326004,7.9079812999999985,9.19114773197281,9.0,0.148927197265625,0
Matam,2007,492031.0,423875.8093165,68155.1906835,13.851808300000002,50814.076665393215,34338.1758079,7.9079812999999985,9.19114773197281,9.0,0.07452205810546875,0
Matam,2008,510566.0,424189.0,86377.0,16.917891100000002,50814.076665393215,35728.8888889,7.9079812999999985,9.19114773197281,9.0,0.2562989096069336,0
Matam,2009,524942.0,436129.0,88813.0,16.918631,50814.076665393215,37187.0205733,7.9079812999999985,9.19114773197281,9.0,0.2562989096069336,0
Matam,2010,542201.0,450465.0,91736.0,16.92,50814.076665393215,39969.6702738,7.9079812999999985,9.19114773197281,9.0,0.2562989096069336,0
Matam,2013,562539.0,442755.0,119784.0,21.2934569869822,50814.076665393215,41573.811578800014,7.9079812999999985,9.19114773197281,9.0,2.8218239562988283,0
Matam,2014,584524.0,450668.0,133856.0,22.900000684317497,50814.076665393215,42287.7769392,7.9079812999999985,9.19114773197281,9.2,0.9669041809082031,0
Matam,2015,607229.0,463923.0,143306.0,23.599992753969307,50814.076665393215,43957.6415295,7.9079812999999985,9.19114773197281,9.2,0.2562989096069336,0
Matam,2016,630703.0,476811.0,153892.0,24.4000742029133,50814.076665393215,45683.0659079,7.9079812999999985,9.19114773197281,9.2,0.2562989096069336,0
Matam,2017,654981.0,489926.0,165055.0,25.199967632648892,50814.076665393215,47476.3123768,7.9079812999999985,9.19114773197281,9.2,0.2562989096069336,0
Matam,2018,680086.0,503944.0,176142.0,25.899959710977697,50814.076665393215,51554.5431614,7.9079812999999985,9.19114773197281,9.2,0.2562989096069336,0
Saint Louis,2001,858573.0,589184.0,269389.0,31.3763652,50814.076665393215,18693.4039282,7.9079812999999985,9.19114773197281,7.7333333,23.566227624511725,1
Saint Louis,2002,688767.0,437045.0,251722.0,36.5467567,50814.076665393215,19382.1794872,7.9079812999999985,9.19114773197281,7.8,2.439450360107422,1
Saint Louis,2003,703699.0,449663.661,254035.339,36.1,50814.076665393215,20187.6384658,7.9079812999999985,9.19114773197281,7.825,0.9519317698759191,1
Saint Louis,2004,738724.0,468181.0,270543.0,36.6230148,50814.076665393215,21872.9578065,7.9079812999999985,9.19114773197281,7.85,1.5513761108398436,1
Saint Louis,2005,764347.0,486346.0,278001.0,36.3710461,50814.076665393215,22745.7252185,7.9079812999999985,9.19114773197281,7.875,0.8129350891113281,1
Saint Louis,2006,788006.0,503391.0,284615.0,36.11837979999999,50814.076665393215,23643.8656754,7.9079812999999985,9.19114773197281,7.9,1.2568655395507813,1
Saint Louis,2007,809813.0,512811.1268333,297001.8731667,36.675365,50814.076665393215,24568.9587258,7.9079812999999985,9.19114773197281,7.925,0.0738189697265625,1
Saint Louis,2008,840844.0,474270.0,366574.0,43.5959583,50814.076665393215,25522.9877322,7.9079812999999985,9.19114773197281,7.95,1.181627478027344,1
Saint Louis,2009,865058.0,487923.0,377135.0,43.59649870000001,50814.076665393215,26514.9015152,7.9079812999999985,9.19114773197281,7.975,0.14764915771484374,1
Saint Louis,2010,894000.0,504242.0,389758.0,43.6,50814.076665393215,27379.7075681,7.9079812999999985,9.19114773197281,8.0,0.9599528381347655,1
Saint Louis,2013,908942.0,496905.0,412037.0,45.331495298929994,50814.076665393215,28419.996482700004,7.9079812999999985,9.19114773197281,8.025,66.73092523193358,1
Saint Louis,2014,932876.0,500954.0,431922.0,46.3000441644977,50814.076665393215,29491.6051918,7.9079812999999985,9.19114773197281,8.05,100.86977230990537,1
Saint Louis,2015,957602.0,508486.0,449116.0,46.9000691310168,50814.076665393215,30594.1234631,7.9079812999999985,9.19114773197281,8.075,12.33920237413593,1
Saint Louis,2016,983032.0,516091.0,466941.0,47.5000813808706,50814.076665393215,31726.775834900003,7.9079812999999985,9.19114773197281,8.1,12.33920237413593,1
Saint Louis,2017,1009170.0,523759.0,485411.0,48.100022791006495,50814.076665393215,32396.75,7.9079812999999985,9.19114773197281,8.0,9.677452490234376,1
Saint Louis,2018,1036009.0,531473.0,504536.0,48.6999630312092,50814.076665393215,25151.0,7.9079812999999985,9.19114773197281,7.8,11.297380389404294,1
Sedhiou,2008,406785.0,343455.0,63330.0,15.5684207,50814.076665393215,25708.0,7.9079812999999985,9.19114773197281,7.4223199000000015,196.01558033231854,1
Sedhiou,2009,417812.0,352766.0,65046.0,15.568245999999998,50814.076665393215,25708.0,7.9079812999999985,9.19114773197281,7.4,3159.3229203957612,1
Sedhiou,2010,431238.0,364102.0,67136.0,15.57,50814.076665393215,24109.5,7.9079812999999985,9.19114773197281,8.0,3238.7169972009688,1
Sedhiou,2013,452994.0,365980.0,87014.0,19.208642940083106,50814.076665393215,24229.36802970001,7.9079812999999985,9.19114773197281,8.07,5942.886238866564,1
Sedhiou,2014,468098.0,372138.0,95960.0,20.49998077325689,50814.076665393215,34784.1458816,7.9079812999999985,9.19114773197281,8.0935394,2101.9971947693625,1
Sedhiou,2015,483768.0,382177.0,101591.0,20.9999421210167,50814.076665393215,39471.5445711,7.9079812999999985,9.19114773197281,8.115745200000001,672.300049418132,1
Sedhiou,2016,500064.0,393051.0,107013.0,21.399860817815302,50814.076665393215,40249.80654630002,7.9079812999999985,9.19114773197281,8.1365857,828.368473271819,1
Sedhiou,2017,517016.0,403790.0,113226.0,21.899902517523604,50814.076665393215,41251.3264146,7.9079812999999985,9.19114773197281,8.1560287,2243.437945935564,1
Sedhiou,2018,534655.0,414893.0,119762.0,22.39986533371989,50814.076665393215,40063.57542091164,7.9079812999999985,9.19114773197281,7.9478868372972995,1253.3722567749242,1
Tambacounda,2001,530333.0,435809.0,94524.0,17.823518399999994,50814.076665393215,40063.57542091164,7.9079812999999985,9.19114773197281,7.9478868372972995,1568.3018579327988,0
Tambacounda,2002,605695.0,503303.0,102392.0,16.9048779,50814.076665393215,40063.57542091164,7.9079812999999985,9.19114773197281,7.9478868372972995,6779.4084712386875,0
Tambacounda,2003,630716.0,524124.996,106591.004,16.9,50814.076665393215,40063.57542091164,7.9079812999999985,9.19114773197281,7.9478868372972995,1736.9168932575753,0
Tambacounda,2004,650399.0,540611.0,109788.0,16.880099800000004,50814.076665393215,40063.57542091164,7.9079812999999985,9.19114773197281,7.9478868372972995,140.84006198335535,0
Tambacounda,2005,669091.0,556223.0,112868.0,16.8688564,50814.076665393215,40063.57542091164,7.9079812999999985,9.19114773197281,7.9478868372972995,3667.2981025656222,0
Tambacounda,2006,688702.0,572603.0,116099.0,16.857654,50814.076665393215,40063.57542091164,7.9079812999999985,9.19114773197281,7.9478868372972995,1787.632439471531,0
Tambacounda,2007,708971.0,588432.8353284,120538.1646716,17.001847,50814.076665393215,40063.57542091164,7.9079812999999985,9.19114773197281,7.9478868372972995,4866.183763649709,0
Tambacounda,2008,613066.0,485388.0,127678.0,20.8261427,50814.076665393215,40063.57542091164,7.9079812999999985,9.19114773197281,7.9478868372972995,133.15613752936866,0
Tambacounda,2009,630247.0,498991.0,131256.0,20.8261206,50814.076665393215,40063.57542091164,7.9079812999999985,9.19114773197281,7.9478868372972995,250.40275371924287,0
Tambacounda,2010,651018.0,515437.0,135581.0,20.83,50814.076665393215,40063.57542091164,7.9079812999999985,9.19114773197281,7.9478868372972995,98.3289769488166,0
Tambacounda,2013,681310.0,519871.0,161439.0,23.695380957273503,50814.076665393215,40063.57542091164,7.9079812999999985,9.19114773197281,7.9478868372972995,491.02098410584716,0
Tambacounda,2014,705396.0,534690.0,170706.0,24.2000238164095,50814.076665393215,40063.57542091164,7.9079812999999985,9.19114773197281,7.9478868372972995,249.4555337762571,0
Tambacounda,2015,730473.0,552238.0,178235.0,24.3999435981891,50814.076665393215,40063.57542091164,7.9079812999999985,9.19114773197281,7.9478868372972995,314.217972663957,0
Tambacounda,2016,756588.0,569711.0,186877.0,24.699968807329803,50814.076665393215,40063.57542091164,7.9079812999999985,9.19114773197281,7.9478868372972995,57.0200884962134,0
Tambacounda,2017,783777.0,587833.0,195944.0,24.999968103172197,50814.076665393215,40063.57542091164,7.9079812999999985,9.19114773197281,7.9478868372972995,114.1620556603283,0
Tambacounda,2018,812075.0,606620.0,205455.0,25.300003078533397,50814.076665393215,40063.57542091164,7.9079812999999985,9.19114773197281,7.9478868372972995,101.16034114638367,0
Thies,2001,1346238.0,816821.0,529417.0,39.3256616,50814.076665393215,40063.57542091164,7.9079812999999985,9.19114773197281,7.9478868372972995,0.22307636718749999,0
Thies,2002,1290265.0,728820.0,561445.0,43.5139293,50814.076665393215,40063.57542091164,7.9079812999999985,9.19114773197281,7.9478868372972995,1.4904727600097656,0
Thies,2003,1305464.0,737587.16,567876.84,43.5,50814.076665393215,40063.57542091164,7.9079812999999985,9.19114773197281,7.9478868372972995,6.112941442871095,0
Thies,2004,1358658.0,764962.0,593696.0,43.6972365,50814.076665393215,40063.57542091164,7.9079812999999985,9.19114773197281,7.9478868372972995,9.612151361083985,0
Thies,2005,1385058.0,778523.0,606535.0,43.7913069,50814.076665393215,40063.57542091164,7.9079812999999985,9.19114773197281,7.9478868372972995,3.1995235229492187,0
Thies,2006,1413448.0,793317.0,620131.0,43.8736338,50814.076665393215,40063.57542091164,7.9079812999999985,9.19114773197281,7.9478868372972995,0.5213906127929687,0
Thies,2007,1516990.0,841556.1045392,675433.8954608,44.5246109,50814.076665393215,40063.57542091164,7.9079812999999985,9.19114773197281,7.9478868372972995,2.384978308105469,0
Thies,2008,1570150.0,876517.0,693633.0,44.17622520000001,50814.076665393215,40063.57542091164,7.9079812999999985,9.19114773197281,7.9478868372972995,1.2661889831542967,0
Thies,2009,1610052.0,898792.0,711260.0,44.1762129,50814.076665393215,40063.57542091164,7.9079812999999985,9.19114773197281,7.9478868372972995,1.9392251892089845,0
Thies,2010,1658445.0,925808.0,732637.0,44.18,50814.076665393215,40063.57542091164,7.9079812999999985,9.19114773197281,7.9478868372972995,0.44612431640624994,0
Thies,2013,1788864.0,916752.0,872112.0,48.75228077707421,50814.076665393215,40063.57542091164,7.9079812999999985,9.19114773197281,7.9478868372972995,9.671160510253905,0
Thies,2014,1838366.0,928375.0,909991.0,49.499990752657496,50814.076665393215,40063.57542091164,7.9079812999999985,9.19114773197281,7.9478868372972995,8.856858410644532,0
Thies,2015,1889323.0,942773.0,946550.0,50.099956439422996,50814.076665393215,40063.57542091164,7.9079812999999985,9.19114773197281,7.9478868372972995,10.86659713745117,0
Thies,2016,1941549.0,959125.0,982424.0,50.600010610085,50814.076665393215,40063.57542091164,7.9079812999999985,9.19114773197281,7.9478868372972995,3.4986026672363275,0
Thies,2017,1995037.0,973578.0,1021459.0,51.2000028069655,50814.076665393215,40063.57542091164,7.9079812999999985,9.19114773197281,7.9478868372972995,10.190907812499999,0
Thies,2018,2049764.0,990036.0,1059728.0,51.70000058543321,50814.076665393215,40063.57542091164,7.9079812999999985,9.19114773197281,7.9478868372972995,7.30040765380859,0
Ziguinchor,2001,557606.0,298432.0,259174.0,46.4797725,50814.076665393215,40063.57542091164,7.9079812999999985,9.19114773197281,7.9478868372972995,137.86945860954725,1
Ziguinchor,2002,437986.0,247173.0,190813.0,43.5660044,50814.076665393215,40063.57542091164,7.9079812999999985,9.19114773197281,7.9478868372972995,543.8673049800377,1
Ziguinchor,2003,445463.0,250795.669,194667.331,43.7,50814.076665393215,40063.57542091164,7.9079812999999985,9.19114773197281,7.9478868372972995,99.05813181762694,1
Ziguinchor,2004,444830.0,253899.0,190931.0,42.92224,50814.076665393215,40063.57542091164,7.9079812999999985,9.19114773197281,7.9478868372972995,465.81332384097834,1
Ziguinchor,2005,457847.0,264971.0,192876.0,42.1267367,50814.076665393215,40063.57542091164,7.9079812999999985,9.19114773197281,7.9478868372972995,174.3983537105066,1
Ziguinchor,2006,463379.0,267848.0,195531.0,42.1967763,50814.076665393215,40063.57542091164,7.9079812999999985,9.19114773197281,7.9478868372972995,152.54992835944694,1
Ziguinchor,2007,658579.0,377052.1434212,281526.8565788,42.7476213,50814.076665393215,40063.57542091164,7.9079812999999985,9.19114773197281,7.9478868372972995,548.9728606589645,1
Ziguinchor,2008,679287.0,358946.0,320341.0,47.15841760000001,50814.076665393215,40063.57542091164,7.9079812999999985,9.19114773197281,7.9478868372972995,733.1099102391144,1
Ziguinchor,2009,694460.0,366964.0,327496.0,47.1583677,50814.076665393215,40063.57542091164,7.9079812999999985,9.19114773197281,7.9478868372972995,679.7783472166296,1
Ziguinchor,2010,713440.0,376993.0,336447.0,47.16,50814.076665393215,40063.57542091164,7.9079812999999985,9.19114773197281,7.9478868372972995,570.4027091909602,1
Ziguinchor,2013,549151.0,296895.0,252256.0,45.9356351895927,50814.076665393215,40063.57542091164,7.9079812999999985,9.19114773197281,7.9478868372972995,3528.7027285124195,1
Ziguinchor,2014,565940.0,303344.0,262596.0,46.399971728451796,50814.076665393215,40063.57542091164,7.9079812999999985,9.19114773197281,7.9478868372972995,2988.994897231379,1
Ziguinchor,2015,583528.0,309854.0,273674.0,46.8998916932864,50814.076665393215,40063.57542091164,7.9079812999999985,9.19114773197281,7.9478868372972995,1926.6895173623925,1
Ziguinchor,2016,601929.0,317216.0,284713.0,47.300096855277005,50814.076665393215,40063.57542091164,7.9079812999999985,9.19114773197281,7.9478868372972995,1988.3189450939012,1
Ziguinchor,2017,621168.0,324250.0,296918.0,47.79995105993871,50814.076665393215,40063.57542091164,7.9079812999999985,9.19114773197281,7.9478868372972995,3788.3891895950856,1
Ziguinchor,2018,641254.0,332170.0,309084.0,48.199933255777,50814.076665393215,40063.57542091164,7.9079812999999985,9.19114773197281,7.9478868372972995,1706.2673352737456,1
